--
-- PostgreSQL database dump
--

\restrict 1i9h4eaQ349ysogQLNGKClPtq06GsvFKPmqVhY93bszqAv7eRc8jul7JD4BJJf1

-- Dumped from database version 17.6
-- Dumped by pg_dump version 17.6

-- Started on 2025-09-13 14:11:27

SET statement_timeout = 0;
SET lock_timeout = 0;
SET idle_in_transaction_session_timeout = 0;
SET transaction_timeout = 0;
SET client_encoding = 'UTF8';
SET standard_conforming_strings = on;
SELECT pg_catalog.set_config('search_path', '', false);
SET check_function_bodies = false;
SET xmloption = content;
SET client_min_messages = warning;
SET row_security = off;

SET default_tablespace = '';

SET default_table_access_method = heap;

--
-- TOC entry 218 (class 1259 OID 16390)
-- Name: auditoria; Type: TABLE; Schema: public; Owner: postgres
--

CREATE TABLE public.auditoria (
    id bigint NOT NULL,
    accion character varying(255),
    descripcion character varying(255),
    entidad character varying(255),
    fecha timestamp(6) without time zone,
    usuario_email character varying(255)
);


ALTER TABLE public.auditoria OWNER TO postgres;

--
-- TOC entry 217 (class 1259 OID 16389)
-- Name: auditoria_id_seq; Type: SEQUENCE; Schema: public; Owner: postgres
--

ALTER TABLE public.auditoria ALTER COLUMN id ADD GENERATED BY DEFAULT AS IDENTITY (
    SEQUENCE NAME public.auditoria_id_seq
    START WITH 1
    INCREMENT BY 1
    NO MINVALUE
    NO MAXVALUE
    CACHE 1
);


--
-- TOC entry 220 (class 1259 OID 16398)
-- Name: cajas; Type: TABLE; Schema: public; Owner: postgres
--

CREATE TABLE public.cajas (
    id bigint NOT NULL,
    datafono character varying(255),
    descripcion character varying(255),
    eskoaj boolean NOT NULL,
    fecha_actualizacion timestamp(6) without time zone,
    fecha_creacion timestamp(6) without time zone,
    tienda_id bigint
);


ALTER TABLE public.cajas OWNER TO postgres;

--
-- TOC entry 219 (class 1259 OID 16397)
-- Name: cajas_id_seq; Type: SEQUENCE; Schema: public; Owner: postgres
--

ALTER TABLE public.cajas ALTER COLUMN id ADD GENERATED BY DEFAULT AS IDENTITY (
    SEQUENCE NAME public.cajas_id_seq
    START WITH 1
    INCREMENT BY 1
    NO MINVALUE
    NO MAXVALUE
    CACHE 1
);


--
-- TOC entry 222 (class 1259 OID 16406)
-- Name: movimientos; Type: TABLE; Schema: public; Owner: postgres
--

CREATE TABLE public.movimientos (
    id bigint NOT NULL,
    abono_sistet numeric(15,2),
    addi numeric(15,2),
    bono_big_pass numeric(15,2),
    bono_sodexo numeric(15,2),
    bonosvendidos numeric(15,2),
    caja_actual numeric(15,2),
    cajaanterior numeric(15,2),
    certificado_dotacion numeric(15,2),
    codensa numeric(15,2),
    daviplata numeric(15,2),
    diferencia numeric(15,2),
    editable boolean,
    efectivo numeric(15,2),
    fecha date,
    fecha_actualizacion timestamp(6) without time zone,
    fecha_creacion timestamp(6) without time zone,
    gastos numeric(15,2),
    observaciones character varying(255),
    qr_cuenta_sra_paty numeric(15,2),
    sistecredito numeric(15,2),
    tarjeta_big_pass numeric(15,2),
    tarjeta_regalo numeric(15,2),
    tarjeta_sodexo numeric(15,2),
    tc numeric(15,2),
    tef_ogloba numeric(15,2),
    texito numeric(15,2),
    total numeric(15,2),
    totalabosiste numeric(15,2),
    totalparcial numeric(15,2),
    venta numeric(15,2),
    venta_pagina_web numeric(15,2),
    voucher_datafono4 numeric(15,2),
    voucher_style numeric(15,2),
    voucher_urban numeric(15,2),
    caja_id bigint,
    tienda_id bigint
);


ALTER TABLE public.movimientos OWNER TO postgres;

--
-- TOC entry 221 (class 1259 OID 16405)
-- Name: movimientos_id_seq; Type: SEQUENCE; Schema: public; Owner: postgres
--

ALTER TABLE public.movimientos ALTER COLUMN id ADD GENERATED BY DEFAULT AS IDENTITY (
    SEQUENCE NAME public.movimientos_id_seq
    START WITH 1
    INCREMENT BY 1
    NO MINVALUE
    NO MAXVALUE
    CACHE 1
);


--
-- TOC entry 224 (class 1259 OID 16412)
-- Name: tiendas; Type: TABLE; Schema: public; Owner: postgres
--

CREATE TABLE public.tiendas (
    id bigint NOT NULL,
    descripcion character varying(255),
    fecha_actualizacion timestamp(6) without time zone,
    fecha_creacion timestamp(6) without time zone,
    info_addi character varying(255),
    info_siste character varying(255)
);


ALTER TABLE public.tiendas OWNER TO postgres;

--
-- TOC entry 223 (class 1259 OID 16411)
-- Name: tiendas_id_seq; Type: SEQUENCE; Schema: public; Owner: postgres
--

ALTER TABLE public.tiendas ALTER COLUMN id ADD GENERATED BY DEFAULT AS IDENTITY (
    SEQUENCE NAME public.tiendas_id_seq
    START WITH 1
    INCREMENT BY 1
    NO MINVALUE
    NO MAXVALUE
    CACHE 1
);


--
-- TOC entry 226 (class 1259 OID 16420)
-- Name: usuarios; Type: TABLE; Schema: public; Owner: postgres
--

CREATE TABLE public.usuarios (
    id bigint NOT NULL,
    activo boolean,
    apellido character varying(255),
    email character varying(255),
    fecha_actualizacion timestamp(6) without time zone,
    fecha_creacion timestamp(6) without time zone,
    nombre character varying(255),
    password character varying(255),
    requiere_cambio_password boolean,
    rol character varying(255),
    tienda_id bigint
);


ALTER TABLE public.usuarios OWNER TO postgres;

--
-- TOC entry 225 (class 1259 OID 16419)
-- Name: usuarios_id_seq; Type: SEQUENCE; Schema: public; Owner: postgres
--

ALTER TABLE public.usuarios ALTER COLUMN id ADD GENERATED BY DEFAULT AS IDENTITY (
    SEQUENCE NAME public.usuarios_id_seq
    START WITH 1
    INCREMENT BY 1
    NO MINVALUE
    NO MAXVALUE
    CACHE 1
);


--
-- TOC entry 4926 (class 0 OID 16390)
-- Dependencies: 218
-- Data for Name: auditoria; Type: TABLE DATA; Schema: public; Owner: postgres
--

COPY public.auditoria (id, accion, descripcion, entidad, fecha, usuario_email) FROM stdin;
1	CREAR_CAJA	Se creó la caja 'Principal' en tienda 1	Caja	2025-05-15 21:36:50.61781	usuario1@example.com
2	LOGIN	Usuario inició sesión exitosamente	Auth	2025-05-15 21:51:54.434488	usuario2@example.com
3	LOGIN	Usuario inició sesión exitosamente	Auth	2025-05-15 22:01:35.495642	usuario12@example.com
4	REGISTRO	Usuario se registró exitosamente	Auth	2025-05-15 22:04:35.747185	usuario13@example.com
5	LOGIN	Usuario inició sesión exitosamente	Auth	2025-05-15 22:05:25.237871	usuario13@example.com
6	CAMBIAR_PASSWORD	Usuario cambió password exitosamente	Auth	2025-05-15 22:05:34.476738	usuario13@example.com
7	RESET_PASSWORD	Usuario reseteó su contraseña exitosamente	Usuario	2025-05-15 22:09:47.042215	usuario13@example.com
8	LOGIN	Usuario inició sesión exitosamente	Auth	2025-05-15 22:14:37.679091	usuario1@example.com
9	LOGIN	Usuario inició sesión exitosamente	Auth	2025-05-15 22:22:08.907787	usuario1@example.com
10	ACTUALIZAR_NOMBRE	Nombre y/o Apellido actualizado exitosamente	Usuario	2025-05-15 22:22:22.328278	usuario13@example.com
11	ASIGNAR_TIENDA	Tienda actualizada exitosamente	Usuario	2025-05-15 22:23:48.157956	usuario4@example.com
12	LOGIN	Usuario inició sesión exitosamente	Auth	2025-05-15 22:25:11.665169	usuario3@example.com
13	LOGIN	Usuario inició sesión exitosamente	Auth	2025-05-15 22:31:06.954259	usuario1@example.com
14	ASIGNAR_TIENDA	Tienda actualizada exitosamente	Usuario	2025-05-15 22:31:17.425311	usuario13@example.com
15	ACTUALIZAR_ESTADO	Estado actualizado exitosamente	Usuario	2025-05-15 22:31:24.020433	usuario13@example.com
16	CAMBIAR_ROL	Rol actualizado exitosamente	Usuario	2025-05-15 22:31:55.865189	usuario13@example.com
17	CAMBIAR_ROL	Rol actualizado exitosamente	Usuario	2025-05-15 22:32:54.49622	usuario13@example.com
18	LOGIN	Usuario inició sesión exitosamente	Auth	2025-05-15 22:34:47.952525	usuario1@example.com
19	ASIGNAR_TIENDA	Tienda actualizada exitosamente a 2	Usuario	2025-05-15 22:35:00.511257	usuario13@example.com
20	CAMBIAR_ROL	Rol actualizado exitosamente a ADMIN	Usuario	2025-05-15 22:35:30.184731	usuario13@example.com
21	CAMBIAR_ROL	Rol actualizado exitosamente a USER	Usuario	2025-05-15 22:35:46.547586	usuario13@example.com
22	ACTUALIZAR_ESTADO	Estado actualizado exitosamente a true	Usuario	2025-05-15 22:36:01.43055	usuario13@example.com
23	ACTUALIZAR_ESTADO	Estado actualizado exitosamente a false	Usuario	2025-05-15 22:37:22.761629	usuario13@example.com
24	LOGIN	Usuario inició sesión exitosamente	Auth	2025-05-15 22:48:49.969473	usuario1@example.com
25	CREAR_TIENDA	Tienda creada exitosamente	Tienda	2025-05-15 22:49:11.123631	admin@admin.com
26	LOGIN	Usuario inició sesión exitosamente	Auth	2025-05-15 22:50:48.66653	usuario1@example.com
27	CREAR_TIENDA	Tienda creada exitosamente	Tienda creada: Tienda 2026	2025-05-15 22:50:59.070227	admin@admin.com
28	LOGIN	Usuario inició sesión exitosamente	Auth	2025-05-15 22:54:28.414864	usuario1@example.com
29	CREAR_TIENDA	Tienda creada exitosamente 12	tienda	2025-05-15 22:54:37.703146	admin@admin.com
30	LOGIN	Usuario inició sesión exitosamente	Auth	2025-05-15 23:00:33.924201	usuario1@example.com
31	ACTUALIZAR_TIENDA	Tienda actualizada exitosamente a Tienda 202777777	tienda	2025-05-15 23:00:49.651827	admin@admin.com
32	ELIMINAR_TIENDA	Tienda eliminada exitosamente 12	tienda	2025-05-15 23:01:18.489682	admin@admin.com
33	LOGIN	Usuario inició sesión exitosamente	Auth	2025-05-16 10:10:59.509978	usuario1@example.com
34	LOGIN	Usuario inició sesión exitosamente	Auth	2025-05-16 10:40:49.500204	usuario1@example.com
35	CREAR_CAJA	Caja creada exitosamente Caja No.2 Líder 2025 para la tienda 9	caja	2025-05-16 10:41:48.80584	admin@admin.com
36	ACTUALIZAR_CAJA	Caja actualizada exitosamente Caja No.2 Líder 202555 para la tienda 9	caja	2025-05-16 10:42:41.434223	admin@admin.com
37	LOGIN	Usuario inició sesión exitosamente	Auth	2025-05-16 10:46:18.45639	usuario1@example.com
38	ELIMINAR_CAJA	Caja eliminada exitosamente 7	caja	2025-05-16 10:46:26.90927	admin@admin.com
39	LOGIN	Usuario inició sesión exitosamente	Auth	2025-05-16 12:35:45.839744	usuario1@example.com
40	CREAR_CAJA	Caja creada exitosamente Caja No.1 Líder 2025 para la tienda 9	caja	2025-05-16 12:36:53.097574	admin@admin.com
41	LOGIN	Usuario inició sesión exitosamente	Auth	2025-05-16 12:37:54.808373	usuario1@example.com
42	CREAR_MOVIMIENTO	Movimiento creado exitosamente 43 en la tienda com.tienda.model.Tienda@6af961a7 con la caja com.tienda.model.Caja@6de66c14	movimiento	2025-05-16 12:51:45.59947	admin@admin.com
43	LOGIN	Usuario inició sesión exitosamente	Auth	2025-05-16 12:59:46.8894	usuario1@example.com
44	CREAR_MOVIMIENTO	Movimiento creado exitosamente 45 en la tienda com.tienda.model.Tienda@1618b43a con la caja com.tienda.model.Caja@20995422	movimiento	2025-05-16 13:00:28.19604	admin@admin.com
45	LOGIN	Usuario inició sesión exitosamente	Auth	2025-05-16 13:05:55.369075	usuario1@example.com
46	CREAR_MOVIMIENTO	Movimiento creado exitosamente 46 en la tienda com.tienda.model.Tienda@7f3c55d8 con la caja com.tienda.model.Caja@4d9ec22e	movimiento	2025-05-16 13:06:17.991038	admin@admin.com
47	LOGIN	Usuario inició sesión exitosamente	Auth	2025-05-16 13:08:59.259757	usuario1@example.com
48	CREAR_MOVIMIENTO	Movimiento creado exitosamente 47	movimiento	2025-05-16 13:09:25.297815	admin@admin.com
49	ACTUALIZAR_MOVIMIENTO	Movimiento actualizado exitosamente 23	movimiento	2025-05-16 13:10:18.995241	admin@admin.com
50	ELIMINAR_MOVIMIENTO	Movimiento eliminado exitosamente 43	movimiento	2025-05-16 13:11:24.094927	admin@admin.com
51	LOGIN	Usuario inició sesión exitosamente	Auth	2025-05-16 16:28:13.500507	usuario2@example.com
52	LOGIN	Usuario inició sesión exitosamente	Auth	2025-05-16 16:31:32.85658	usuario2@example.com
53	LOGIN	Usuario inició sesión exitosamente	Auth	2025-05-16 16:46:18.452501	usuario1@example.com
54	LOGIN	Usuario inició sesión exitosamente	Auth	2025-05-16 16:49:57.73177	usuario2@example.com
55	ACTUALIZAR_CAJA	Caja actualizada exitosamente Caja No.1 Koaj Centro para la tienda 1	caja	2025-05-16 17:04:17.409867	admin@admin.com
56	ACTUALIZAR_CAJA	Caja actualizada exitosamente Caja No.2 Koaj Centro para la tienda 1	caja	2025-05-16 17:05:23.482482	admin@admin.com
57	ACTUALIZAR_CAJA	Caja actualizada exitosamente Caja No.1 Koaj Sociego para la tienda 2	caja	2025-05-16 17:06:33.992104	admin@admin.com
58	ACTUALIZAR_CAJA	Caja actualizada exitosamente Caja No.2  Koaj Sociego para la tienda 2	caja	2025-05-16 17:06:51.771479	admin@admin.com
59	ACTUALIZAR_CAJA	Caja actualizada exitosamente Caja No.1 Elite 2025 para la tienda 3	caja	2025-05-16 17:07:04.652452	admin@admin.com
60	ACTUALIZAR_CAJA	Caja actualizada exitosamente Caja No.2 Elite 2025 para la tienda 3	caja	2025-05-16 17:07:11.96228	admin@admin.com
61	CREAR_MOVIMIENTO	Movimiento creado exitosamente 48	movimiento	2025-05-16 17:18:08.015935	admin@admin.com
62	ACTUALIZAR_MOVIMIENTO	Movimiento actualizado exitosamente 48	movimiento	2025-05-16 17:20:02.301331	admin@admin.com
63	ELIMINAR_MOVIMIENTO	Movimiento eliminado exitosamente 48	movimiento	2025-05-16 17:20:54.669719	admin@admin.com
64	LOGIN	Usuario inició sesión exitosamente	Auth	2025-05-16 18:11:30.890097	usuario2@example.com
65	ACTUALIZAR_MOVIMIENTO	Movimiento actualizado exitosamente 50	movimiento	2025-05-16 18:29:54.083889	admin@admin.com
66	LOGIN	Usuario inició sesión exitosamente	Auth	2025-05-16 18:31:02.450504	usuario1@example.com
67	LOGIN	Usuario inició sesión exitosamente	Auth	2025-05-16 18:38:53.907732	usuario2@example.com
68	CREAR_CAJA	Se creó la caja 'Principal' en tienda 1	Caja	2025-05-16 18:39:24.673343	usuario1@example.com
69				2025-05-16 18:41:18.837744	
70	LOGIN	Usuario inició sesión exitosamente	Auth	2025-05-16 18:43:59.465535	usuario2@example.com
71	ELIMINAR_MOVIMIENTO	Movimiento eliminado exitosamente 54	movimiento	2025-05-16 18:44:07.796073	admin@admin.com
72				2025-05-16 18:44:31.75547	
73				2025-05-16 18:46:07.743643	
74				2025-05-16 18:51:09.32534	
75				2025-05-16 18:56:59.308226	
76	ELIMINAR_MOVIMIENTO	Movimiento eliminado exitosamente 55	movimiento	2025-05-16 18:58:56.955609	admin@admin.com
77				2025-05-16 18:59:12.88554	
78	ELIMINAR_MOVIMIENTO	Movimiento eliminado exitosamente 59	movimiento	2025-05-16 19:08:23.272045	admin@admin.com
79				2025-05-16 19:08:38.82126	
80	CREAR_MOVIMIENTO	\N	movimiento	2025-05-16 19:19:24.28591	usuario2@example.com
81				2025-05-16 19:31:45.295817	
82	ELIMINAR_MOVIMIENTO	Movimiento eliminado exitosamente 62	movimiento	2025-05-16 19:35:24.143885	admin@admin.com
83				2025-05-16 19:35:40.827311	
84	LOGIN	Usuario inició sesión exitosamente	Auth	2025-05-16 19:47:34.433392	usuario1@example.com
85	CREAR_MOVIMIENTO	Movimiento creado para la tienda Koaj Centro con fecha 2025-05-30	movimiento	2025-05-16 20:00:52.91853	usuario2@example.com
86	ACTUALIZAR_MOVIMIENTO	Movimiento actualizado exitosamente 66	movimiento	2025-05-16 20:35:49.521318	admin@admin.com
87	MODIFICAR_MOVIMIENTO	Movimiento modificado para la tienda Koaj Centro con fecha 	movimiento	2025-05-16 20:35:49.545864	usuario2@example.com
88	ACTUALIZAR_MOVIMIENTO	Movimiento actualizado exitosamente 66	movimiento	2025-05-16 20:38:43.333664	admin@admin.com
89	MODIFICAR_MOVIMIENTO	Movimiento modificado para la tienda Koaj Centro con fecha 2025-05-30	movimiento	2025-05-16 20:38:43.364465	usuario2@example.com
90	LOGIN	Usuario inició sesión exitosamente	Auth	2025-05-16 20:44:13.276922	usuario1@example.com
91	ELIMINAR_MOVIMIENTO	Movimiento 61 eliminado exitosamente	movimiento	2025-05-16 21:34:12.599808	usuario1@example.com
92	ELIMINAR_MOVIMIENTO	Movimiento 56 eliminado exitosamente	movimiento	2025-05-16 21:44:12.535995	usuario1@example.com
93	ACTUALIZAR_MOVIMIENTO	Movimiento 57 modificado para la tienda  con fecha 2025-05-19	movimiento	2025-05-16 21:49:42.686105	usuario1@example.com
94	ACTUALIZAR_MOVIMIENTO	Movimiento 57 actualizado para la tienda  con fecha 2025-05-19	movimiento	2025-05-16 21:55:55.901496	usuario1@example.com
95	ACTUALIZAR_MOVIMIENTO	Movimiento 57 actualizado para la tienda Koaj Centro con fecha 2025-05-19	movimiento	2025-05-16 21:57:19.667689	usuario1@example.com
96	ELIMINAR_MOVIMIENTO	Movimiento 57 eliminado exitosamente	movimiento	2025-05-16 21:57:53.214718	usuario1@example.com
97	CREAR_MOVIMIENTO	Movimiento creado para la tienda  con fecha 2025-05-22	movimiento	2025-05-16 22:02:02.797642	usuario1@example.com
98	CREAR_MOVIMIENTO	Movimiento creado para la tienda  con fecha 2025-05-23	movimiento	2025-05-16 22:10:50.374489	usuario1@example.com
99	CREAR_MOVIMIENTO	Movimiento creado para la tienda  con fecha 2025-05-24	movimiento	2025-05-16 22:13:21.827606	usuario1@example.com
100	CREAR_MOVIMIENTO	Movimiento creado para la tienda  con fecha 2025-05-25	movimiento	2025-05-16 22:15:40.705089	usuario1@example.com
101	CREAR_MOVIMIENTO	Movimiento creado para la tienda  con fecha 2025-05-28	movimiento	2025-05-16 22:21:50.672391	usuario1@example.com
102	CREAR_MOVIMIENTO	Movimiento creado para la tienda  con fecha 2025-05-29	movimiento	2025-05-16 22:23:53.967747	usuario1@example.com
103	CREAR_MOVIMIENTO	Movimiento creado para la tienda  con fecha 2025-05-30	movimiento	2025-05-16 22:27:51.683547	usuario1@example.com
104	CREAR_MOVIMIENTO	Movimiento creado para la tienda Lider 2025 con fecha 2025-05-31	movimiento	2025-05-16 22:37:58.821104	usuario1@example.com
105	ACTUALIZAR_ESTADO	Estado actualizado exitosamente a false	Usuario	2025-05-16 22:55:35.626695	usuario3@example.com
106	ACTUALIZAR-ESTADO	Se modifica el estado del usuario usuario3@example.com a inactivo	usuario	2025-05-16 22:55:35.648232	usuario1@example.com
107	RESET_PASSWORD	Usuario reseteó su contraseña exitosamente	Usuario	2025-05-16 23:04:54.313635	usuario4@example.com
108	RESETEAR_PASSWORD	Se resetea el password del usuario usuario4@example.com	usuario	2025-05-16 23:04:54.326113	usuario1@example.com
109	LOGIN	Usuario inició sesión exitosamente	Auth	2025-05-16 23:09:11.217626	usuario1@example.com
110	ACTUALIZAR_ESTADO	Se modifica el estado del usuario usuario4@example.com a inactivo	usuario	2025-05-16 23:09:28.830509	usuario1@example.com
111	RESETEAR_PASSWORD	Se resetea el password del usuario usuario4@example.com	usuario	2025-05-16 23:10:00.841179	usuario1@example.com
112	ACTUALIZAR_NOMBRE	Se actualiza el nombre y/o apellido del usuario usuario4@example.com	usuario	2025-05-16 23:10:28.299362	usuario1@example.com
113	ACTUALIZAR_TIENDA	Se actualiza la tienda a 3 al usuario usuario4@example.com	usuario	2025-05-16 23:11:03.680386	usuario1@example.com
114	ACTUALIZAR_TIENDA	Se actualiza la tienda a Koaj Sociego al usuario usuario5@example.com	usuario	2025-05-16 23:20:43.06771	usuario1@example.com
115	ELIMINAR_USUARIO	Se elimina el usuario usuario13@example.com	usuario	2025-05-16 23:21:24.392413	usuario1@example.com
116	LOGIN	Usuario inició sesión exitosamente	Auth	2025-05-16 23:28:51.285901	usuario2@example.com
117	LOGIN	Usuario inició sesión exitosamente	Auth	2025-05-17 12:40:29.62235	usuario2@example.com
118	LOGIN	Usuario inició sesión exitosamente	Auth	2025-05-17 12:48:11.915776	usuario2@example.com
119	LOGIN	Usuario inició sesión exitosamente	Auth	2025-05-17 12:49:51.485525	usuario1@example.com
120	LOGIN	Usuario inició sesión exitosamente	Auth	2025-05-17 19:00:03.749988	usuario1@example.com
121	LOGIN	Usuario inició sesión exitosamente	Auth	2025-05-17 19:26:01.57818	usuario1@example.com
122	LOGIN	Usuario inició sesión exitosamente	Auth	2025-05-17 19:33:45.749171	usuario1@example.com
123	LOGIN	Usuario inició sesión exitosamente	Auth	2025-05-17 20:05:09.199887	usuario1@example.com
124	LOGIN	Usuario inició sesión exitosamente	Auth	2025-05-17 20:30:07.995377	usuario1@example.com
125	ELIMINAR_MOVIMIENTO	Movimiento 52 eliminado exitosamente	movimiento	2025-05-17 20:31:13.272746	usuario1@example.com
126	CREAR_MOVIMIENTO	Movimiento creado para la tienda Koaj Centro con fecha 2025-05-17	movimiento	2025-05-17 20:31:23.944766	usuario1@example.com
127	LOGIN	Usuario inició sesión exitosamente	Auth	2025-05-17 20:57:31.78495	usuario2@example.com
128	CREAR_MOVIMIENTO	Movimiento creado para la tienda Koaj Centro con fecha 2025-05-17	movimiento	2025-05-17 20:58:12.730011	usuario2@example.com
129	LOGIN	Usuario inició sesión exitosamente	Auth	2025-05-17 21:03:01.365853	usuario2@example.com
130	LOGIN	Usuario inició sesión exitosamente	Auth	2025-05-17 21:28:33.811199	usuario2@example.com
131	LOGIN	Usuario inició sesión exitosamente	Auth	2025-05-17 21:38:08.182378	usuario2@example.com
132	LOGIN	Usuario inició sesión exitosamente	Auth	2025-05-17 21:40:14.159709	usuario2@example.com
133	LOGIN	Usuario inició sesión exitosamente	Auth	2025-05-17 21:43:56.776346	usuario2@example.com
134	LOGIN	Usuario inició sesión exitosamente	Auth	2025-05-17 21:52:39.285621	usuario2@example.com
135	LOGIN	Usuario inició sesión exitosamente	Auth	2025-05-17 21:58:59.95375	usuario2@example.com
136	LOGIN	Usuario inició sesión exitosamente	Auth	2025-05-17 22:13:20.704823	usuario2@example.com
137	LOGIN	Usuario inició sesión exitosamente	Auth	2025-05-17 22:14:19.434772	usuario1@example.com
138	ACTUALIZAR_MOVIMIENTO	Movimiento 74 modificado para la tienda Koaj Centro con fecha 2025-05-29	movimiento	2025-05-17 22:23:23.773457	usuario2@example.com
139	CREAR_MOVIMIENTO	Movimiento creado para la tienda Koaj Centro con fecha 2025-05-28	movimiento	2025-05-17 22:24:11.478339	usuario2@example.com
140	ELIMINAR_MOVIMIENTO	Movimiento 69 eliminado para la tienda Koaj Centro	movimiento	2025-05-17 22:24:48.003777	usuario2@example.com
141	LOGIN	Usuario inició sesión exitosamente	Auth	2025-05-17 22:29:28.617196	usuario12@example.com
142	CAMBIAR_PASSWORD	Usuario cambió password exitosamente	Auth	2025-05-17 22:29:38.052883	usuario12@example.com
143	LOGIN	Usuario inició sesión exitosamente	Auth	2025-05-17 22:29:56.932256	usuario12@example.com
144	LOGIN	Usuario inició sesión exitosamente	Auth	2025-05-17 22:36:46.046056	usuario12@example.com
145	LOGIN	Usuario inició sesión exitosamente	Auth	2025-05-17 22:41:54.875674	usuario12@example.com
146	LOGIN	Usuario inició sesión exitosamente	Auth	2025-05-17 22:44:34.782078	usuario12@example.com
147	LOGIN	Usuario inició sesión exitosamente	Auth	2025-05-17 22:46:38.136302	usuario12@example.com
148	LOGIN	Usuario inició sesión exitosamente	Auth	2025-05-17 22:47:07.994924	usuario12@example.com
149	LOGIN	Usuario inició sesión exitosamente	Auth	2025-05-17 22:54:12.237148	usuario12@example.com
150	LOGIN	Usuario inició sesión exitosamente	Auth	2025-05-17 22:55:28.161829	usuario12@example.com
151	LOGIN	Usuario inició sesión exitosamente	Auth	2025-05-17 22:57:04.336832	usuario12@example.com
152	LOGIN	Usuario inició sesión exitosamente	Auth	2025-05-17 22:57:18.327078	usuario12@example.com
153	LOGIN	Usuario inició sesión exitosamente	Auth	2025-05-17 22:57:36.790865	usuario12@example.com
154	LOGIN	Usuario inició sesión exitosamente	Auth	2025-05-17 22:57:44.763588	usuario12@example.com
155	ACTUALIZAR_TIENDA	Se actualiza la tienda a Lider 2025 al usuario usuario12@example.com	usuario	2025-05-17 22:58:15.482504	usuario1@example.com
156	LOGIN	Usuario inició sesión exitosamente	Auth	2025-05-17 22:58:27.976103	usuario12@example.com
157	LOGIN	Usuario inició sesión exitosamente	Auth	2025-05-17 22:59:28.346885	usuario12@example.com
158	LOGIN	Usuario inició sesión exitosamente	Auth	2025-05-17 23:00:47.583857	usuario12@example.com
159	CREAR_CAJA	Caja creada exitosamente Caja No.2 Lider 2025 para la tienda 9	caja	2025-05-17 23:11:09.270855	admin@admin.com
160	CREAR_MOVIMIENTO	Movimiento creado para la tienda Lider 2025 con fecha 2025-05-31	movimiento	2025-05-17 23:12:22.872828	usuario12@example.com
161	LOGIN	Usuario inició sesión exitosamente	Auth	2025-05-17 23:57:19.678246	usuario12@example.com
162	LOGIN	Usuario inició sesión exitosamente	Auth	2025-05-18 11:00:00.418385	usuario2@example.com
163	LOGIN	Usuario inició sesión exitosamente	Auth	2025-05-18 11:15:24.545678	usuario1@example.com
164	LOGIN	Usuario inició sesión exitosamente	Auth	2025-05-18 12:30:40.650677	usuario12@example.com
165	ACTUALIZAR_ESTADO	Se modifica el estado del usuario usuario3@example.com a activo	usuario	2025-05-18 12:49:33.544054	usuario1@example.com
166	LOGIN	Usuario inició sesión exitosamente	Auth	2025-05-18 12:49:39.602298	usuario3@example.com
167	CAMBIAR_PASSWORD	Usuario cambió password exitosamente	Auth	2025-05-18 12:49:46.394271	usuario3@example.com
168	LOGIN	Usuario inició sesión exitosamente	Auth	2025-05-18 12:50:03.782313	usuario3@example.com
169	ACTUALIZAR_ESTADO	Se modifica el estado del usuario usuario4@example.com a activo	usuario	2025-05-18 12:54:41.370995	usuario1@example.com
170	LOGIN	Usuario inició sesión exitosamente	Auth	2025-05-18 12:55:22.466863	usuario4@example.com
171	CAMBIAR_PASSWORD	Usuario cambió password exitosamente	Auth	2025-05-18 12:55:37.257625	usuario4@example.com
172	LOGIN	Usuario inició sesión exitosamente	Auth	2025-05-18 12:55:53.473921	usuario4@example.com
173	ACTUALIZAR_TIENDA	Se actualiza la tienda a Tienda 2025 al usuario usuario4@example.com	usuario	2025-05-18 12:56:03.881761	usuario1@example.com
174	LOGIN	Usuario inició sesión exitosamente	Auth	2025-05-18 12:56:44.883293	usuario4@example.com
175	LOGIN	Usuario inició sesión exitosamente	Auth	2025-05-18 12:58:12.795421	usuario4@example.com
176	LOGIN	Usuario inició sesión exitosamente	Auth	2025-05-18 13:14:13.172707	usuario4@example.com
177	LOGIN	Usuario inició sesión exitosamente	Auth	2025-05-18 13:28:26.165239	usuario4@example.com
178	CREAR_CAJA	Caja creada exitosamente Caja No.1 Tienda 2025 para la tienda 10	caja	2025-05-18 13:34:30.128046	admin@admin.com
179	CREAR_MOVIMIENTO	Movimiento creado para la tienda Tienda 2025 con fecha 2025-05-18	movimiento	2025-05-18 13:40:09.634823	usuario4@example.com
180	ACTUALIZAR_MOVIMIENTO	Movimiento 82 modificado para la tienda Tienda 2025 con fecha 2025-05-18	movimiento	2025-05-18 13:41:39.152925	usuario4@example.com
181	ACTUALIZAR_CAJA	Caja actualizada exitosamente Caja No.1 Tienda 2025  para la tienda 10	caja	2025-05-18 14:04:33.804605	admin@admin.com
182	ACTUALIZAR-CAJA	Se actualiza la caja Caja No.1 Tienda 2025  de la tienda 10	caja	2025-05-18 14:04:33.842036	usuario1@example.com
183	CREAR_CAJA	Caja creada exitosamente Caja No.2 Tienda 2025 para la tienda 10	caja	2025-05-18 14:05:35.347177	admin@admin.com
184	CREAR-CAJA	Se crea la caja Caja No.2 Tienda 2025 para la tienda 10	caja	2025-05-18 14:05:35.386982	usuario1@example.com
185	ELIMINAR_CAJA	Caja eliminada exitosamente 13	caja	2025-05-18 14:07:01.706245	admin@admin.com
186	LOGIN	Usuario inició sesión exitosamente	Auth	2025-05-18 14:16:24.244052	usuario1@example.com
187	CREAR-CAJA	Se crea la caja Caja No.2 Tienda 2025 para la tienda 10	caja	2025-05-18 14:17:31.110691	usuario1@example.com
188	CREAR-CAJA	Se crea la caja Caja No.2 Tienda 2025 para la tienda 10	caja	2025-05-18 14:34:43.511882	usuario1@example.com
189	ACTUALIZAR-CAJA	Se actualiza la caja Caja No.2 Tienda 2025  de la tienda 10	caja	2025-05-18 14:35:35.611408	usuario1@example.com
190	LOGIN	Usuario inició sesión exitosamente	Auth	2025-05-18 14:43:20.399416	usuario1@example.com
191	CREAR-CAJA	Se crea la caja Caja No.2 Tienda 2025 para la tienda 10	caja	2025-05-18 14:43:40.121065	usuario1@example.com
192	LOGIN	Usuario inició sesión exitosamente	Auth	2025-05-18 14:51:11.068909	usuario1@example.com
193	CREAR-CAJA	Se crea la caja Caja No.2 Tienda 2025 para la tienda 10	caja	2025-05-18 14:51:31.530965	usuario1@example.com
194	ELIMINAR_TIENDA	Tienda eliminada exitosamente 11	tienda	2025-05-18 15:19:45.001252	admin@admin.com
195	CREAR-CAJA	Se crea la caja Caja No.2 Tienda 2025 para la tienda 10	caja	2025-05-18 15:20:40.974535	usuario1@example.com
196	CREAR-CAJA	Se crea la caja Caja No.2 Tienda 2025 para la tienda 10	caja	2025-05-18 15:25:58.000792	usuario1@example.com
197	ELIMINAR-CAJA	Se elimina la caja 19	caja	2025-05-18 15:26:22.890352	usuario1@example.com
198	CREAR-CAJA	Se crea la caja Caja No.2 Tienda 2025 para la tienda 10	caja	2025-05-18 15:39:32.496136	usuario1@example.com
199	LOGIN	Usuario inició sesión exitosamente	Auth	2025-05-18 15:40:03.707627	usuario1@example.com
200	CREAR-CAJA	Se crea la caja Caja No.2 Tienda 2025 para la tienda 10	caja	2025-05-18 15:45:20.380928	usuario1@example.com
201	ELIMINAR-CAJA	Se elimina la caja 21	caja	2025-05-18 15:45:41.420504	usuario1@example.com
202	ACTUALIZAR-CAJA	Se actualiza la caja Caja No.1 Tienda 2025    de la tienda 10	caja	2025-05-18 15:46:27.012488	usuario1@example.com
203	CREAR_TIENDA	Tienda creada exitosamente 13	tienda	2025-05-18 15:57:28.962846	admin@admin.com
204	ACTUALIZAR-TIENDA	Se crea la tienda Tienda 2026	tienda	2025-05-18 15:57:29.004519	usuario1@example.com
205	CREAR_TIENDA	Tienda creada exitosamente 14	tienda	2025-05-18 15:58:14.96125	admin@admin.com
206	CREAR-TIENDA	Se crea la tienda Tienda 2027	tienda	2025-05-18 15:58:15.005037	usuario1@example.com
207	CREAR_TIENDA	Tienda creada exitosamente 15	tienda	2025-05-18 15:59:59.184089	admin@admin.com
208	CREAR-TIENDA	Se crea la tienda Tienda 2028	tienda	2025-05-18 15:59:59.223784	usuario1@example.com
209	ACTUALIZAR_TIENDA	Tienda actualizada exitosamente a Tienda 2028   	tienda	2025-05-18 16:00:34.395268	admin@admin.com
210	ACTUALIZAR-TIENDA	Se actualiza la tienda Tienda 2028   	tienda	2025-05-18 16:00:34.442042	usuario1@example.com
211	ELIMINAR_TIENDA	Tienda eliminada exitosamente 15	tienda	2025-05-18 16:00:56.590689	admin@admin.com
212	ELIMINAR-TIENDA	Se elimina la tienda 	tienda	2025-05-18 16:00:56.618568	usuario1@example.com
213	LOGIN	Usuario inició sesión exitosamente	Auth	2025-05-18 16:03:19.659615	usuario1@example.com
214	CREAR-TIENDA	Se crea la tienda Tienda 2028	tienda	2025-05-18 16:03:31.017722	usuario1@example.com
215	ACTUALIZAR-TIENDA	Se actualiza la tienda Tienda 2028   	tienda	2025-05-18 16:03:38.818196	usuario1@example.com
216	ELIMINAR-TIENDA	Se elimina la tienda 	tienda	2025-05-18 16:03:46.36881	usuario1@example.com
217	ELIMINAR-TIENDA	Se elimina la tienda 14	tienda	2025-05-18 16:04:48.397289	usuario1@example.com
218	LOGIN	Usuario inició sesión exitosamente	Auth	2025-05-18 16:05:34.521288	usuario4@example.com
219	LOGIN	Usuario inició sesión exitosamente	Auth	2025-05-18 16:35:32.840009	usuario4@example.com
220	LOGIN	Usuario inició sesión exitosamente	Auth	2025-05-18 16:46:03.367414	usuario2@example.com
221	LOGIN	Usuario inició sesión exitosamente	Auth	2025-05-18 16:47:42.623329	usuario4@example.com
222	LOGIN	Usuario inició sesión exitosamente	Auth	2025-05-18 16:50:21.900307	usuario12@example.com
223	ACTUALIZAR_TIENDA	Se actualiza la tienda a Tienda 2026 al usuario usuario12@example.com	usuario	2025-05-18 16:51:11.721881	usuario1@example.com
224	LOGIN	Usuario inició sesión exitosamente	Auth	2025-05-18 16:51:32.94715	usuario12@example.com
225	LOGIN	Usuario inició sesión exitosamente	Auth	2025-05-18 17:07:33.737125	usuario2@example.com
226	LOGIN	Usuario inició sesión exitosamente	Auth	2025-05-18 17:08:15.022563	usuario12@example.com
227	LOGIN	Usuario inició sesión exitosamente	Auth	2025-05-18 17:08:59.479891	usuario12@example.com
228	LOGIN	Usuario inició sesión exitosamente	Auth	2025-05-18 17:11:39.47772	usuario12@example.com
229	LOGIN	Usuario inició sesión exitosamente	Auth	2025-05-18 17:12:29.956091	usuario2@example.com
230	LOGIN	Usuario inició sesión exitosamente	Auth	2025-05-18 17:21:31.064146	usuario12@example.com
231	LOGIN	Usuario inició sesión exitosamente	Auth	2025-05-18 17:24:53.22405	usuario2@example.com
232	LOGIN	Usuario inició sesión exitosamente	Auth	2025-05-18 17:25:39.217729	usuario2@example.com
233	LOGIN	Usuario inició sesión exitosamente	Auth	2025-05-18 17:27:12.609889	usuario12@example.com
234	LOGIN	Usuario inició sesión exitosamente	Auth	2025-05-18 17:35:55.951734	usuario12@example.com
235	LOGIN	Usuario inició sesión exitosamente	Auth	2025-05-18 17:38:33.596354	usuario12@example.com
236	LOGIN	Usuario inició sesión exitosamente	Auth	2025-05-18 17:39:25.761617	usuario2@example.com
237	LOGIN	Usuario inició sesión exitosamente	Auth	2025-05-18 17:40:20.618873	usuario4@example.com
238	LOGIN	Usuario inició sesión exitosamente	Auth	2025-05-25 09:15:32.794031	usuario1@example.com
239	LOGIN	Usuario inició sesión exitosamente	Auth	2025-05-25 09:16:02.629948	usuario1@example.com
240	LOGIN	Usuario inició sesión exitosamente	Auth	2025-05-25 09:16:21.894074	usuario2@example.com
241	LOGIN	Usuario inició sesión exitosamente	Auth	2025-05-25 09:16:53.32666	usuario2@example.com
242	LOGIN	Usuario inició sesión exitosamente	Auth	2025-05-25 10:06:21.877458	usuario1@example.com
243	LOGIN	Usuario inició sesión exitosamente	Auth	2025-05-25 10:06:43.530817	usuario2@example.com
244	LOGIN	Usuario inició sesión exitosamente	Auth	2025-05-25 10:11:22.414537	usuario1@example.com
245	ACTUALIZAR_MOVIMIENTO	Movimiento 76 actualizado para la tienda Lider 2025 con fecha 2025-05-31	movimiento	2025-05-25 10:15:53.285968	usuario1@example.com
246	ACTUALIZAR_MOVIMIENTO	Movimiento 76 actualizado para la tienda Lider 2025 con fecha 2025-05-31	movimiento	2025-05-25 10:16:10.430078	usuario1@example.com
247	REGISTRO	Usuario se registró exitosamente	Auth	2025-05-25 10:19:05.576269	Usuario16@example.com
248	ACTUALIZAR_ROL	Se modifica el rol del usuario Usuario16@example.com a ADMIN	usuario	2025-05-25 10:19:56.58838	usuario1@example.com
249	ELIMINAR_USUARIO	Se elimina el usuario usuario12@example.com	usuario	2025-05-25 10:20:29.32744	usuario1@example.com
250	ELIMINAR_USUARIO	Se elimina el usuario usuario2@example.com	usuario	2025-05-25 10:20:59.343924	usuario1@example.com
251	ACTUALIZAR_ESTADO	Se modifica el estado del usuario usuario3@example.com a inactivo	usuario	2025-05-25 10:21:36.514707	usuario1@example.com
252	ACTUALIZAR_ESTADO	Se modifica el estado del usuario usuario3@example.com a activo	usuario	2025-05-25 10:22:17.10438	usuario1@example.com
253	LOGIN	Usuario inició sesión exitosamente	Auth	2025-05-25 10:22:20.491169	usuario3@example.com
254	ACTUALIZAR_ESTADO	Se modifica el estado del usuario usuario3@example.com a inactivo	usuario	2025-05-25 10:22:44.648224	usuario1@example.com
255	LOGIN	Usuario inició sesión exitosamente	Auth	2025-05-25 10:25:22.493413	Usuario16@example.com
256	CAMBIAR_PASSWORD	Usuario cambió password exitosamente	Auth	2025-05-25 10:25:41.030184	Usuario16@example.com
257	LOGIN	Usuario inició sesión exitosamente	Auth	2025-05-25 10:26:13.765314	Usuario16@example.com
258	ACTUALIZAR_ROL	Se modifica el rol del usuario Usuario16@example.com a USER	usuario	2025-05-25 10:26:37.635398	usuario1@example.com
259	LOGIN	Usuario inició sesión exitosamente	Auth	2025-05-25 10:26:53.787361	Usuario16@example.com
260	ACTUALIZAR_TIENDA	Se actualiza la tienda a Elite 2025 al usuario Usuario16@example.com	usuario	2025-05-25 10:27:16.367011	usuario1@example.com
261	LOGIN	Usuario inició sesión exitosamente	Auth	2025-05-25 10:27:30.132912	Usuario16@example.com
262	LOGIN	Usuario inició sesión exitosamente	Auth	2025-05-25 10:29:31.736328	Usuario16@example.com
263	CAMBIAR_PASSWORD	Usuario cambió password exitosamente	Auth	2025-05-25 10:29:40.421516	Usuario16@example.com
264	LOGIN	Usuario inició sesión exitosamente	Auth	2025-05-25 10:29:57.095352	Usuario16@example.com
265	RESETEAR_PASSWORD	Se resetea el password del usuario Usuario16@example.com	usuario	2025-05-25 10:30:13.388146	usuario1@example.com
266	ACTUALIZAR_NOMBRE	Se actualiza el nombre y/o apellido del usuario Usuario16@example.com	usuario	2025-05-25 10:30:47.223023	usuario1@example.com
267	ACTUALIZAR-TIENDA	Se actualiza la tienda Koaj Centroo	tienda	2025-05-25 10:33:34.495583	usuario1@example.com
268	ACTUALIZAR-TIENDA	Se actualiza la tienda Koaj Centro	tienda	2025-05-25 10:33:41.054123	usuario1@example.com
269	ELIMINAR-TIENDA	Se elimina la tienda 13	tienda	2025-05-25 10:33:51.405542	usuario1@example.com
270	CREAR-CAJA	Se crea la caja Caja No.3 Koaj Centro para la tienda 1	caja	2025-05-25 10:35:46.747449	usuario1@example.com
271	ELIMINAR-CAJA	Se elimina la caja 22	caja	2025-05-25 10:36:36.651776	usuario1@example.com
272	CREAR_MOVIMIENTO	Movimiento creado para la tienda Koaj Centro con fecha 2025-05-25	movimiento	2025-05-25 10:38:07.008479	usuario1@example.com
273	LOGIN	Usuario inició sesión exitosamente	Auth	2025-06-10 14:52:56.165658	usuario1@example.com
274	LOGIN	Usuario inició sesión exitosamente	Auth	2025-06-10 16:47:21.876853	usuario1@example.com
275	LOGIN	Usuario inició sesión exitosamente	Auth	2025-06-10 16:50:23.558719	usuario1@example.com
276	LOGIN	Usuario inició sesión exitosamente	Auth	2025-06-10 17:25:41.681561	usuario1@example.com
277	LOGIN	Usuario inició sesión exitosamente	Auth	2025-06-10 17:34:55.741568	usuario1@example.com
278	LOGIN	Usuario inició sesión exitosamente	Auth	2025-06-10 17:47:00.653966	usuario4@example.com
279	CREAR_MOVIMIENTO	Movimiento creado para la tienda Koaj Centro con fecha 2025-06-10	movimiento	2025-06-10 18:02:42.981793	usuario1@example.com
280	LOGIN	Usuario inició sesión exitosamente	Auth	2025-06-11 18:13:58.554464	usuario1@example.com
281	LOGIN	Usuario inició sesión exitosamente	Auth	2025-06-11 19:31:46.743396	usuario1@example.com
282	LOGIN	Usuario inició sesión exitosamente	Auth	2025-06-21 10:03:55.516835	usuario1@example.com
283	LOGIN	Usuario inició sesión exitosamente	Auth	2025-06-21 10:41:54.729629	usuario4@example.com
284	ACTUALIZAR_MOVIMIENTO	Movimiento 85 actualizado para la tienda Koaj Centro con fecha 2025-06-10	movimiento	2025-06-21 11:24:17.218033	usuario1@example.com
285	ACTUALIZAR_MOVIMIENTO	Movimiento 85 actualizado para la tienda Koaj Centro con fecha 2025-06-10	movimiento	2025-06-21 11:24:33.792022	usuario1@example.com
286	ACTUALIZAR_MOVIMIENTO	Movimiento 82 modificado para la tienda Tienda 2025 con fecha 2025-05-18	movimiento	2025-06-21 11:25:35.762646	usuario4@example.com
287	ACTUALIZAR_MOVIMIENTO	Movimiento 82 modificado para la tienda Tienda 2025 con fecha 2025-05-18	movimiento	2025-06-21 11:31:04.03056	usuario4@example.com
288	ACTUALIZAR_MOVIMIENTO	Movimiento 82 modificado para la tienda Tienda 2025 con fecha 2025-05-18	movimiento	2025-06-21 11:45:37.396948	usuario4@example.com
289	ACTUALIZAR_MOVIMIENTO	Movimiento 82 modificado para la tienda Tienda 2025 con fecha 2025-05-18	movimiento	2025-06-21 11:46:09.481288	usuario4@example.com
290	ACTUALIZAR_MOVIMIENTO	Movimiento 85 actualizado para la tienda Koaj Centro con fecha 2025-06-10	movimiento	2025-06-21 11:48:53.458978	usuario1@example.com
291	ACTUALIZAR_MOVIMIENTO	Movimiento 85 actualizado para la tienda Koaj Centro con fecha 2025-06-10	movimiento	2025-06-21 11:54:29.235342	usuario1@example.com
292	ACTUALIZAR_MOVIMIENTO	Movimiento 85 actualizado para la tienda Koaj Centro con fecha 2025-06-10	movimiento	2025-06-21 11:55:19.099958	usuario1@example.com
293	ACTUALIZAR_MOVIMIENTO	Movimiento 85 actualizado para la tienda Koaj Centro con fecha 2025-06-10	movimiento	2025-06-21 11:55:44.12967	usuario1@example.com
294	ACTUALIZAR_MOVIMIENTO	Movimiento 85 actualizado para la tienda Koaj Centro con fecha 2025-06-10	movimiento	2025-06-21 11:59:03.801362	usuario1@example.com
295	ACTUALIZAR_MOVIMIENTO	Movimiento 85 actualizado para la tienda Koaj Centro con fecha 2025-06-10	movimiento	2025-06-21 11:59:32.809436	usuario1@example.com
296	ACTUALIZAR_MOVIMIENTO	Movimiento 85 actualizado para la tienda Koaj Centro con fecha 2025-06-10	movimiento	2025-06-21 12:06:38.877886	usuario1@example.com
297	ACTUALIZAR_MOVIMIENTO	Movimiento 82 modificado para la tienda Tienda 2025 con fecha 2025-05-18	movimiento	2025-06-21 12:07:06.050419	usuario4@example.com
298	ACTUALIZAR_MOVIMIENTO	Movimiento 82 modificado para la tienda Tienda 2025 con fecha 2025-05-18	movimiento	2025-06-21 12:07:25.567371	usuario4@example.com
299	ACTUALIZAR_MOVIMIENTO	Movimiento 82 modificado para la tienda Tienda 2025 con fecha 2025-05-18	movimiento	2025-06-21 12:11:02.827654	usuario4@example.com
300	ACTUALIZAR_MOVIMIENTO	Movimiento 85 actualizado para la tienda Koaj Centro con fecha 2025-06-10	movimiento	2025-06-21 12:15:46.48456	usuario1@example.com
301	ACTUALIZAR_MOVIMIENTO	Movimiento 85 actualizado para la tienda Koaj Centro con fecha 2025-06-10	movimiento	2025-06-21 12:16:02.400594	usuario1@example.com
302	ACTUALIZAR_MOVIMIENTO	Movimiento 85 actualizado para la tienda Koaj Centro con fecha 2025-06-10	movimiento	2025-06-21 12:17:44.439253	usuario1@example.com
303	ACTUALIZAR_MOVIMIENTO	Movimiento 85 actualizado para la tienda Koaj Centro con fecha 2025-06-10	movimiento	2025-06-21 12:18:14.326129	usuario1@example.com
304	ACTUALIZAR_MOVIMIENTO	Movimiento 85 actualizado para la tienda Koaj Centro con fecha 2025-06-10	movimiento	2025-06-21 12:18:31.416576	usuario1@example.com
305	ACTUALIZAR_MOVIMIENTO	Movimiento 85 actualizado para la tienda Koaj Centro con fecha 2025-06-10	movimiento	2025-06-21 12:20:04.514111	usuario1@example.com
306	ACTUALIZAR_MOVIMIENTO	Movimiento 85 actualizado para la tienda Koaj Centro con fecha 2025-06-10	movimiento	2025-06-21 12:20:17.025199	usuario1@example.com
307	ACTUALIZAR_MOVIMIENTO	Movimiento 85 actualizado para la tienda Koaj Centro con fecha 2025-06-10	movimiento	2025-06-21 12:22:22.316601	usuario1@example.com
308	ACTUALIZAR_MOVIMIENTO	Movimiento 85 actualizado para la tienda Koaj Centro con fecha 2025-06-10	movimiento	2025-06-21 12:24:26.762907	usuario1@example.com
309	ACTUALIZAR_MOVIMIENTO	Movimiento 85 actualizado para la tienda Koaj Centro con fecha 2025-06-10	movimiento	2025-06-21 12:24:41.344432	usuario1@example.com
310	ACTUALIZAR_MOVIMIENTO	Movimiento 85 actualizado para la tienda Koaj Centro con fecha 2025-06-10	movimiento	2025-06-21 12:25:05.673712	usuario1@example.com
311	ACTUALIZAR_MOVIMIENTO	Movimiento 85 actualizado para la tienda Koaj Centro con fecha 2025-06-10	movimiento	2025-06-21 12:27:09.127278	usuario1@example.com
312	ACTUALIZAR_MOVIMIENTO	Movimiento 85 actualizado para la tienda Koaj Centro con fecha 2025-06-10	movimiento	2025-06-21 12:27:18.088298	usuario1@example.com
313	ACTUALIZAR_MOVIMIENTO	Movimiento 85 actualizado para la tienda Koaj Centro con fecha 2025-06-10	movimiento	2025-06-21 12:34:29.210895	usuario1@example.com
314	ACTUALIZAR_MOVIMIENTO	Movimiento 85 actualizado para la tienda Koaj Centro con fecha 2025-06-10	movimiento	2025-06-21 12:34:39.105877	usuario1@example.com
315	ACTUALIZAR_MOVIMIENTO	Movimiento 85 actualizado para la tienda Koaj Centro con fecha 2025-06-10	movimiento	2025-06-21 12:35:02.858356	usuario1@example.com
316	ACTUALIZAR_MOVIMIENTO	Movimiento 85 actualizado para la tienda Koaj Centro con fecha 2025-06-10	movimiento	2025-06-21 12:55:21.176492	usuario1@example.com
317	ACTUALIZAR_MOVIMIENTO	Movimiento 85 actualizado para la tienda Koaj Centro con fecha 2025-06-10	movimiento	2025-06-21 12:55:36.290959	usuario1@example.com
318	ACTUALIZAR_MOVIMIENTO	Movimiento 85 actualizado para la tienda Koaj Centro con fecha 2025-06-10	movimiento	2025-06-21 12:55:47.153363	usuario1@example.com
319	ACTUALIZAR_MOVIMIENTO	Movimiento 85 actualizado para la tienda Koaj Centro con fecha 2025-06-10	movimiento	2025-06-21 13:08:49.620616	usuario1@example.com
320	ACTUALIZAR_MOVIMIENTO	Movimiento 85 actualizado para la tienda Koaj Centro con fecha 2025-06-10	movimiento	2025-06-21 13:09:21.634992	usuario1@example.com
321	ACTUALIZAR_MOVIMIENTO	Movimiento 85 actualizado para la tienda Koaj Centro con fecha 2025-06-10	movimiento	2025-06-21 13:09:38.713738	usuario1@example.com
322	ACTUALIZAR_MOVIMIENTO	Movimiento 85 actualizado para la tienda Koaj Centro con fecha 2025-06-10	movimiento	2025-06-21 13:12:18.111084	usuario1@example.com
323	ACTUALIZAR_MOVIMIENTO	Movimiento 85 actualizado para la tienda Koaj Centro con fecha 2025-06-10	movimiento	2025-06-21 13:12:25.991056	usuario1@example.com
324	ACTUALIZAR_MOVIMIENTO	Movimiento 85 actualizado para la tienda Koaj Centro con fecha 2025-06-10	movimiento	2025-06-21 13:12:35.051749	usuario1@example.com
325	ACTUALIZAR_MOVIMIENTO	Movimiento 85 actualizado para la tienda Koaj Centro con fecha 2025-06-10	movimiento	2025-06-21 13:12:52.109778	usuario1@example.com
326	ACTUALIZAR_MOVIMIENTO	Movimiento 85 actualizado para la tienda Koaj Centro con fecha 2025-06-10	movimiento	2025-06-21 13:13:28.393969	usuario1@example.com
327	ACTUALIZAR_MOVIMIENTO	Movimiento 85 actualizado para la tienda Koaj Centro con fecha 2025-06-10	movimiento	2025-06-21 13:14:22.454411	usuario1@example.com
328	ACTUALIZAR_MOVIMIENTO	Movimiento 85 actualizado para la tienda Koaj Centro con fecha 2025-06-10	movimiento	2025-06-21 13:14:56.650819	usuario1@example.com
329	ACTUALIZAR_MOVIMIENTO	Movimiento 85 actualizado para la tienda Koaj Centro con fecha 2025-06-10	movimiento	2025-06-21 13:15:14.256742	usuario1@example.com
330	ACTUALIZAR_MOVIMIENTO	Movimiento 85 actualizado para la tienda Koaj Centro con fecha 2025-06-10	movimiento	2025-06-21 13:34:03.454942	usuario1@example.com
331	ACTUALIZAR_MOVIMIENTO	Movimiento 85 actualizado para la tienda Koaj Centro con fecha 2025-06-10	movimiento	2025-06-21 13:34:15.477247	usuario1@example.com
332	ACTUALIZAR_MOVIMIENTO	Movimiento 85 actualizado para la tienda Koaj Centro con fecha 2025-06-10	movimiento	2025-06-21 13:35:55.431643	usuario1@example.com
333	ACTUALIZAR_MOVIMIENTO	Movimiento 85 actualizado para la tienda Koaj Centro con fecha 2025-06-10	movimiento	2025-06-21 13:41:58.640335	usuario1@example.com
334	ACTUALIZAR_MOVIMIENTO	Movimiento 85 actualizado para la tienda Koaj Centro con fecha 2025-06-10	movimiento	2025-06-21 13:42:10.491194	usuario1@example.com
335	ACTUALIZAR_MOVIMIENTO	Movimiento 85 actualizado para la tienda Koaj Centro con fecha 2025-06-10	movimiento	2025-06-21 13:42:18.739946	usuario1@example.com
336	ACTUALIZAR_MOVIMIENTO	Movimiento 85 actualizado para la tienda Koaj Centro con fecha 2025-06-10	movimiento	2025-06-21 13:42:38.506388	usuario1@example.com
337	ACTUALIZAR_MOVIMIENTO	Movimiento 82 modificado para la tienda Tienda 2025 con fecha 2025-05-18	movimiento	2025-06-21 13:49:51.45691	usuario4@example.com
338	ACTUALIZAR_MOVIMIENTO	Movimiento 82 modificado para la tienda Tienda 2025 con fecha 2025-05-18	movimiento	2025-06-21 13:50:04.059827	usuario4@example.com
339	ACTUALIZAR_MOVIMIENTO	Movimiento 82 modificado para la tienda Tienda 2025 con fecha 2025-05-18	movimiento	2025-06-21 13:50:19.70707	usuario4@example.com
340	ACTUALIZAR_MOVIMIENTO	Movimiento 82 modificado para la tienda Tienda 2025 con fecha 2025-05-18	movimiento	2025-06-21 13:52:21.367006	usuario4@example.com
341	ACTUALIZAR_MOVIMIENTO	Movimiento 82 modificado para la tienda Tienda 2025 con fecha 2025-05-18	movimiento	2025-06-21 13:52:43.723442	usuario4@example.com
342	ACTUALIZAR_MOVIMIENTO	Movimiento 82 modificado para la tienda Tienda 2025 con fecha 2025-05-18	movimiento	2025-06-21 13:53:00.832911	usuario4@example.com
343	ACTUALIZAR_MOVIMIENTO	Movimiento 82 modificado para la tienda Tienda 2025 con fecha 2025-05-18	movimiento	2025-06-21 13:53:24.358471	usuario4@example.com
344	ACTUALIZAR_MOVIMIENTO	Movimiento 82 modificado para la tienda Tienda 2025 con fecha 2025-05-18	movimiento	2025-06-21 13:53:31.354162	usuario4@example.com
345	ACTUALIZAR_MOVIMIENTO	Movimiento 82 modificado para la tienda Tienda 2025 con fecha 2025-05-18	movimiento	2025-06-21 13:53:38.036976	usuario4@example.com
346	ACTUALIZAR_MOVIMIENTO	Movimiento 82 modificado para la tienda Tienda 2025 con fecha 2025-05-18	movimiento	2025-06-21 13:54:23.541728	usuario4@example.com
347	LOGIN	Usuario inició sesión exitosamente	Auth	2025-06-21 18:51:26.72338	usuario4@example.com
348	LOGIN	Usuario inició sesión exitosamente	Auth	2025-06-21 18:53:57.131758	usuario1@example.com
349	ACTUALIZAR_MOVIMIENTO	Movimiento 85 actualizado para la tienda Koaj Centro con fecha 2025-06-10	movimiento	2025-06-21 19:12:41.664946	usuario1@example.com
350	ACTUALIZAR_MOVIMIENTO	Movimiento 85 actualizado para la tienda Koaj Centro con fecha 2025-06-10	movimiento	2025-06-21 19:13:29.550577	usuario1@example.com
351	ACTUALIZAR_MOVIMIENTO	Movimiento 85 actualizado para la tienda Koaj Centro con fecha 2025-06-10	movimiento	2025-06-21 19:13:48.197411	usuario1@example.com
352	ACTUALIZAR_MOVIMIENTO	Movimiento 85 actualizado para la tienda Koaj Centro con fecha 2025-06-10	movimiento	2025-06-21 19:14:37.688199	usuario1@example.com
353	LOGIN	Usuario inició sesión exitosamente	Auth	2025-06-21 19:15:15.446884	usuario4@example.com
354	ACTUALIZAR_MOVIMIENTO	Movimiento 82 modificado para la tienda Tienda 2025 con fecha 2025-05-18	movimiento	2025-06-21 19:23:27.731727	usuario4@example.com
355	ACTUALIZAR_MOVIMIENTO	Movimiento 82 modificado para la tienda Tienda 2025 con fecha 2025-05-18	movimiento	2025-06-21 19:23:48.797679	usuario4@example.com
356	LOGIN	Usuario inició sesión exitosamente	Auth	2025-06-21 19:26:14.282823	usuario4@example.com
357	ACTUALIZAR_MOVIMIENTO	Movimiento 82 modificado para la tienda Tienda 2025 con fecha 2025-05-18	movimiento	2025-06-21 19:26:34.193596	usuario4@example.com
358	ACTUALIZAR_MOVIMIENTO	Movimiento 82 modificado para la tienda Tienda 2025 con fecha 2025-05-18	movimiento	2025-06-21 19:26:51.871219	usuario4@example.com
359	LOGIN	Usuario inició sesión exitosamente	Auth	2025-06-21 19:31:44.981891	usuario1@example.com
360	ACTUALIZAR_MOVIMIENTO	Movimiento 82 modificado para la tienda Tienda 2025 con fecha 2025-05-18	movimiento	2025-06-21 19:33:10.811611	usuario4@example.com
361	ACTUALIZAR_MOVIMIENTO	Movimiento 85 actualizado para la tienda Koaj Centro con fecha 2025-06-10	movimiento	2025-06-21 19:33:49.605294	usuario1@example.com
362	ACTUALIZAR_MOVIMIENTO	Movimiento 85 actualizado para la tienda Koaj Centro con fecha 2025-06-10	movimiento	2025-06-21 19:34:09.122013	usuario1@example.com
363	ACTUALIZAR_MOVIMIENTO	Movimiento 82 modificado para la tienda Tienda 2025 con fecha 2025-05-18	movimiento	2025-06-21 19:34:43.849079	usuario4@example.com
364	ACTUALIZAR_MOVIMIENTO	Movimiento 82 modificado para la tienda Tienda 2025 con fecha 2025-05-18	movimiento	2025-06-21 19:35:04.704813	usuario4@example.com
365	ACTUALIZAR_MOVIMIENTO	Movimiento 82 modificado para la tienda Tienda 2025 con fecha 2025-05-18	movimiento	2025-06-21 19:35:23.288694	usuario4@example.com
366	ACTUALIZAR_MOVIMIENTO	Movimiento 82 modificado para la tienda Tienda 2025 con fecha 2025-05-18	movimiento	2025-06-21 19:35:34.083131	usuario4@example.com
367	ACTUALIZAR_MOVIMIENTO	Movimiento 82 modificado para la tienda Tienda 2025 con fecha 2025-05-18	movimiento	2025-06-21 19:35:56.045274	usuario4@example.com
368	ACTUALIZAR_MOVIMIENTO	Movimiento 82 modificado para la tienda Tienda 2025 con fecha 2025-05-18	movimiento	2025-06-21 19:36:06.518774	usuario4@example.com
369	ACTUALIZAR_MOVIMIENTO	Movimiento 82 modificado para la tienda Tienda 2025 con fecha 2025-05-18	movimiento	2025-06-21 19:36:19.268779	usuario4@example.com
370	ACTUALIZAR_MOVIMIENTO	Movimiento 82 modificado para la tienda Tienda 2025 con fecha 2025-05-18	movimiento	2025-06-21 19:36:42.367556	usuario4@example.com
371	ACTUALIZAR_MOVIMIENTO	Movimiento 82 modificado para la tienda Tienda 2025 con fecha 2025-05-18	movimiento	2025-06-21 19:37:23.186943	usuario4@example.com
372	ACTUALIZAR_MOVIMIENTO	Movimiento 85 actualizado para la tienda Koaj Centro con fecha 2025-06-10	movimiento	2025-06-21 19:38:47.895685	usuario1@example.com
373	ACTUALIZAR_MOVIMIENTO	Movimiento 85 actualizado para la tienda Koaj Centro con fecha 2025-06-10	movimiento	2025-06-21 19:39:02.29614	usuario1@example.com
374	ACTUALIZAR_MOVIMIENTO	Movimiento 70 actualizado para la tienda Koaj Sociego con fecha 2025-05-23	movimiento	2025-06-21 19:43:24.00764	usuario1@example.com
375	ACTUALIZAR_MOVIMIENTO	Movimiento 70 actualizado para la tienda Koaj Sociego con fecha 2025-05-23	movimiento	2025-06-21 19:45:32.178055	usuario1@example.com
376	ACTUALIZAR_MOVIMIENTO	Movimiento 82 modificado para la tienda Tienda 2025 con fecha 2025-05-18	movimiento	2025-06-21 19:46:34.396734	usuario4@example.com
377	LOGIN	Usuario inició sesión exitosamente	Auth	2025-06-22 13:39:19.367221	usuario1@example.com
378	ACTUALIZAR_MOVIMIENTO	Movimiento 85 actualizado para la tienda Koaj Centro con fecha 2025-06-10	movimiento	2025-06-22 14:18:35.476151	usuario1@example.com
379	LOGIN	Usuario inició sesión exitosamente	Auth	2025-06-22 14:49:32.49699	usuario1@example.com
380	LOGIN	Usuario inició sesión exitosamente	Auth	2025-06-22 15:14:15.302682	usuario1@example.com
381	LOGIN	Usuario inició sesión exitosamente	Auth	2025-06-22 15:29:22.122268	usuario1@example.com
382	LOGIN	Usuario inició sesión exitosamente	Auth	2025-06-22 17:51:59.01036	usuario1@example.com
383	LOGIN	Usuario inició sesión exitosamente	Auth	2025-06-22 19:25:59.189203	usuario4@example.com
384	LOGIN	Usuario inició sesión exitosamente	Auth	2025-06-23 12:19:00.253598	usuario1@example.com
385	LOGIN	Usuario inició sesión exitosamente	Auth	2025-06-23 12:41:59.182079	usuario1@example.com
386	ACTUALIZAR_MOVIMIENTO	Movimiento 85 actualizado para la tienda Koaj Centro con fecha 2025-06-10	movimiento	2025-06-23 12:56:17.225103	usuario1@example.com
387	ACTUALIZAR_MOVIMIENTO	Movimiento 85 actualizado para la tienda Koaj Centro con fecha 2025-06-10	movimiento	2025-06-23 13:01:39.564323	usuario1@example.com
388	ACTUALIZAR_MOVIMIENTO	Movimiento 85 actualizado para la tienda Koaj Centro con fecha 2025-06-10	movimiento	2025-06-23 13:05:00.441904	usuario1@example.com
389	ACTUALIZAR_MOVIMIENTO	Movimiento 85 actualizado para la tienda Koaj Centro con fecha 2025-06-10	movimiento	2025-06-23 13:05:24.37054	usuario1@example.com
390	LOGIN	Usuario inició sesión exitosamente	Auth	2025-06-23 13:31:50.551701	usuario4@example.com
391	ACTUALIZAR_MOVIMIENTO	Movimiento 82 modificado para la tienda Tienda 2025 con fecha 2025-05-18	movimiento	2025-06-23 13:32:13.90544	usuario4@example.com
392	LOGIN	Usuario inició sesión exitosamente	Auth	2025-06-23 13:49:22.118157	usuario1@example.com
393	LOGIN	Usuario inició sesión exitosamente	Auth	2025-06-23 13:52:52.9771	usuario4@example.com
394	ACTUALIZAR_MOVIMIENTO	Movimiento 82 modificado para la tienda Tienda 2025 con fecha 2025-05-18	movimiento	2025-06-23 13:53:03.218777	usuario4@example.com
395	CREAR_MOVIMIENTO	Movimiento creado para la tienda Tienda 2025 con fecha 2025-06-23	movimiento	2025-06-23 14:04:00.077081	usuario1@example.com
396	LOGIN	Usuario inició sesión exitosamente	Auth	2025-06-23 14:10:22.742345	usuario4@example.com
397	ELIMINAR_MOVIMIENTO	Movimiento 86 eliminado para la tienda Tienda 2025	movimiento	2025-06-23 14:10:52.062731	usuario4@example.com
398	CREAR_MOVIMIENTO	Movimiento creado para la tienda Tienda 2025 con fecha 2025-06-23	movimiento	2025-06-23 14:11:27.851564	usuario4@example.com
399	ELIMINAR_MOVIMIENTO	Movimiento 88 eliminado para la tienda Tienda 2025	movimiento	2025-06-23 14:20:55.547783	usuario4@example.com
400	CREAR_MOVIMIENTO	Movimiento creado para la tienda Tienda 2025 con fecha 2025-06-23	movimiento	2025-06-23 14:22:03.734529	usuario4@example.com
401	ELIMINAR_MOVIMIENTO	Movimiento 89 eliminado para la tienda Tienda 2025	movimiento	2025-06-23 14:26:24.210626	usuario4@example.com
402	CREAR_MOVIMIENTO	Movimiento creado para la tienda Tienda 2025 con fecha 2025-06-23	movimiento	2025-06-23 14:26:54.769035	usuario4@example.com
403	ELIMINAR_MOVIMIENTO	Movimiento 90 eliminado para la tienda Tienda 2025	movimiento	2025-06-23 14:29:53.413532	usuario4@example.com
404	CREAR_MOVIMIENTO	Movimiento creado para la tienda Tienda 2025 con fecha 2025-06-23	movimiento	2025-06-23 14:30:30.151151	usuario4@example.com
405	ELIMINAR_MOVIMIENTO	Movimiento 91 eliminado para la tienda Tienda 2025	movimiento	2025-06-23 14:52:44.032942	usuario4@example.com
406	CREAR_MOVIMIENTO	Movimiento creado para la tienda Tienda 2025 con fecha 2025-06-23	movimiento	2025-06-23 14:53:32.899883	usuario4@example.com
407	ELIMINAR_MOVIMIENTO	Movimiento 92 eliminado para la tienda Tienda 2025	movimiento	2025-06-23 15:08:20.377481	usuario4@example.com
408	CREAR_MOVIMIENTO	Movimiento creado para la tienda Tienda 2025 con fecha 2025-06-23	movimiento	2025-06-23 15:08:45.387245	usuario4@example.com
409	LOGIN	Usuario inició sesión exitosamente	Auth	2025-06-23 15:11:11.012681	usuario1@example.com
410	CREAR_MOVIMIENTO	Movimiento creado para la tienda Koaj Sociego con fecha 2025-06-23	movimiento	2025-06-23 15:12:00.764085	usuario1@example.com
411	ACTUALIZAR_MOVIMIENTO	Movimiento 94 actualizado para la tienda Koaj Sociego con fecha 2025-06-23	movimiento	2025-06-23 15:12:47.927366	usuario1@example.com
412	ACTUALIZAR_MOVIMIENTO	Movimiento 94 actualizado para la tienda Koaj Sociego con fecha 2025-06-23	movimiento	2025-06-23 15:13:11.847007	usuario1@example.com
413	LOGIN	Usuario inició sesión exitosamente	Auth	2025-06-23 17:26:45.795607	usuario1@example.com
414	CREAR_MOVIMIENTO	Movimiento creado para la tienda Lider 2025 con fecha 2025-06-23	movimiento	2025-06-23 17:28:57.391708	usuario1@example.com
415	ACTUALIZAR_MOVIMIENTO	Movimiento 94 actualizado para la tienda Koaj Sociego con fecha 2025-06-23	movimiento	2025-06-23 17:31:13.92213	usuario1@example.com
416	LOGIN	Usuario inició sesión exitosamente	Auth	2025-06-23 17:32:33.693101	usuario4@example.com
417	ELIMINAR_MOVIMIENTO	Movimiento 93 eliminado para la tienda Tienda 2025	movimiento	2025-06-23 17:33:05.787095	usuario4@example.com
418	CREAR_MOVIMIENTO	Movimiento creado para la tienda Tienda 2025 con fecha 2025-06-23	movimiento	2025-06-23 17:33:36.66882	usuario4@example.com
419	LOGIN	Usuario inició sesión exitosamente	Auth	2025-06-23 17:47:30.151608	usuario1@example.com
420	ACTUALIZAR_MOVIMIENTO	Movimiento 75 actualizado para la tienda Koaj Sociego con fecha 2025-05-30	movimiento	2025-06-23 17:48:12.782942	usuario1@example.com
421	CREAR_MOVIMIENTO	Movimiento creado para la tienda Koaj Sociego con fecha 2025-06-18	movimiento	2025-06-23 17:51:06.985069	usuario1@example.com
422	LOGIN	Usuario inició sesión exitosamente	Auth	2025-06-23 17:53:23.747399	usuario4@example.com
423	ACTUALIZAR_MOVIMIENTO	Movimiento 82 modificado para la tienda Tienda 2025 con fecha 2025-05-18	movimiento	2025-06-23 17:54:44.674302	usuario4@example.com
424	CREAR_MOVIMIENTO	Movimiento creado para la tienda Tienda 2025 con fecha 2025-06-01	movimiento	2025-06-23 17:55:35.292216	usuario4@example.com
425	LOGIN	Usuario inició sesión exitosamente	Auth	2025-06-23 19:35:06.23018	usuario1@example.com
426	LOGIN	Usuario inició sesión exitosamente	Auth	2025-06-23 19:41:37.30337	usuario1@example.com
427	LOGIN	Usuario inició sesión exitosamente	Auth	2025-07-21 19:46:51.470139	usuario1@example.com
428	LOGIN	Usuario inició sesión exitosamente	Auth	2025-07-21 19:55:52.235784	usuario1@example.com
429	LOGIN	Usuario inició sesión exitosamente	Auth	2025-07-21 19:59:27.879559	usuario4@example.com
430	LOGIN	Usuario inició sesión exitosamente	Auth	2025-07-21 20:02:08.698632	usuario1@example.com
431	LOGIN	Usuario inició sesión exitosamente	Auth	2025-07-21 20:08:39.954241	usuario1@example.com
432	LOGIN	Usuario inició sesión exitosamente	Auth	2025-07-26 11:41:24.378063	usuario1@example.com
433	ACTUALIZAR_MOVIMIENTO	Movimiento 85 actualizado para la tienda Koaj Centro con fecha 2025-06-10	movimiento	2025-07-26 14:19:26.054367	usuario1@example.com
434	CREAR_MOVIMIENTO	Movimiento creado para la tienda Koaj Centro con fecha 2025-07-26	movimiento	2025-07-26 14:20:58.647112	usuario1@example.com
435	LOGIN	Usuario inició sesión exitosamente	Auth	2025-07-26 14:29:00.311788	usuario4@example.com
436	ACTUALIZAR_MOVIMIENTO	Movimiento 96 modificado para la tienda Tienda 2025 con fecha 2025-06-23	movimiento	2025-07-26 14:30:08.785444	usuario4@example.com
437	ACTUALIZAR_MOVIMIENTO	Movimiento 96 actualizado para la tienda Tienda 2025 con fecha 2025-06-23	movimiento	2025-07-26 14:30:54.334755	usuario1@example.com
438	ACTUALIZAR_MOVIMIENTO	Movimiento 96 actualizado para la tienda Tienda 2025 con fecha 2025-06-23	movimiento	2025-07-26 14:33:16.779743	usuario1@example.com
439	LOGIN	Usuario inició sesión exitosamente	Auth	2025-07-30 18:16:48.802339	usuario1@example.com
440	LOGIN	Usuario inició sesión exitosamente	Auth	2025-07-30 19:40:42.96371	usuario1@example.com
441	LOGIN	Usuario inició sesión exitosamente	Auth	2025-07-30 20:11:47.085014	usuario1@example.com
442	LOGIN	Usuario inició sesión exitosamente	Auth	2025-07-31 12:14:16.913721	usuario1@example.com
443	LOGIN	Usuario inició sesión exitosamente	Auth	2025-07-31 12:21:01.109461	usuario1@example.com
444	LOGIN	Usuario inició sesión exitosamente	Auth	2025-07-31 13:52:13.46358	usuario1@example.com
445	LOGIN	Usuario inició sesión exitosamente	Auth	2025-07-31 14:03:54.464167	usuario1@example.com
446	LOGIN	Usuario inició sesión exitosamente	Auth	2025-07-31 14:08:17.880754	usuario1@example.com
447	LOGIN	Usuario inició sesión exitosamente	Auth	2025-08-01 18:52:34.563567	usuario1@example.com
448	LOGIN	Usuario inició sesión exitosamente	Auth	2025-08-01 20:34:49.875276	usuario1@example.com
449	ACTUALIZAR_MOVIMIENTO	Movimiento 99 actualizado para la tienda Koaj Centro con fecha 2025-07-26	movimiento	2025-08-01 20:52:53.143348	usuario1@example.com
450	CREAR_MOVIMIENTO	Movimiento creado para la tienda Lider 2025 con fecha 2025-08-01	movimiento	2025-08-01 21:01:48.505629	usuario1@example.com
451	LOGIN	Usuario inició sesión exitosamente	Auth	2025-08-01 21:03:51.183697	usuario4@example.com
452	ACTUALIZAR_MOVIMIENTO	Movimiento 96 modificado para la tienda Tienda 2025 con fecha 2025-06-23	movimiento	2025-08-01 21:07:18.31268	usuario4@example.com
453	CREAR_MOVIMIENTO	Movimiento creado para la tienda Tienda 2025 con fecha 2025-08-01	movimiento	2025-08-01 21:10:15.314966	usuario4@example.com
454	ACTUALIZAR_MOVIMIENTO	Movimiento 101 modificado para la tienda Tienda 2025 con fecha 2025-08-01	movimiento	2025-08-01 21:12:59.873139	usuario4@example.com
455	ACTUALIZAR_MOVIMIENTO	Movimiento 101 modificado para la tienda Tienda 2025 con fecha 2025-08-01	movimiento	2025-08-01 21:17:55.15842	usuario4@example.com
456	LOGIN	Usuario inició sesión exitosamente	Auth	2025-08-09 12:55:52.47567	usuario1@example.com
457	LOGIN	Usuario inició sesión exitosamente	Auth	2025-08-10 11:17:37.368836	usuario1@example.com
458	LOGIN	Usuario inició sesión exitosamente	Auth	2025-08-10 13:31:56.334104	usuario1@example.com
459	LOGIN	Usuario inició sesión exitosamente	Auth	2025-08-10 13:36:40.012559	usuario1@example.com
460	LOGIN	Usuario inició sesión exitosamente	Auth	2025-08-10 13:39:33.739503	usuario1@example.com
461	LOGIN	Usuario inició sesión exitosamente	Auth	2025-08-10 13:49:27.402247	usuario1@example.com
462	LOGIN	Usuario inició sesión exitosamente	Auth	2025-08-10 14:02:09.409287	usuario1@example.com
463	LOGIN	Usuario inició sesión exitosamente	Auth	2025-08-10 14:43:04.758917	usuario1@example.com
464	LOGIN	Usuario inició sesión exitosamente	Auth	2025-08-10 15:02:38.603598	usuario1@example.com
465	LOGIN	Usuario inició sesión exitosamente	Auth	2025-08-10 15:11:50.029544	usuario1@example.com
466	LOGIN	Usuario inició sesión exitosamente	Auth	2025-08-10 19:10:01.164921	usuario1@example.com
467	CREAR-TIENDA	Se crea la tienda Koaj Centro	tienda	2025-08-10 19:11:51.144023	usuario1@example.com
468	ELIMINAR-TIENDA	Se elimina la tienda 17	tienda	2025-08-10 19:12:02.076184	usuario1@example.com
469	CREAR-TIENDA	Se crea la tienda Koaj Centro	tienda	2025-08-10 19:42:02.887531	usuario1@example.com
470	ELIMINAR-TIENDA	Se elimina la tienda 18	tienda	2025-08-10 19:42:28.200235	usuario1@example.com
471	ACTUALIZAR-TIENDA	Se actualiza la tienda Koaj Centro	tienda	2025-08-10 20:14:36.169077	usuario1@example.com
472	LOGIN	Usuario inició sesión exitosamente	Auth	2025-08-11 18:52:47.990508	usuario1@example.com
473	ACTUALIZAR-TIENDA	Se actualiza la tienda Koaj Centro	tienda	2025-08-11 19:02:29.425148	usuario1@example.com
474	ACTUALIZAR-TIENDA	Se actualiza la tienda Koaj Centro	tienda	2025-08-11 19:04:47.832097	usuario1@example.com
475	ACTUALIZAR-TIENDA	Se actualiza la tienda Elite 2025	tienda	2025-08-11 19:11:43.296983	usuario1@example.com
476	CREAR-TIENDA	Se crea la tienda Croydon	tienda	2025-08-11 19:12:36.350515	usuario1@example.com
477	ACTUALIZAR-TIENDA	Se actualiza la tienda Croydon	tienda	2025-08-11 19:12:58.615661	usuario1@example.com
478	ACTUALIZAR-TIENDA	Se actualiza la tienda Croydon	tienda	2025-08-11 19:13:12.441234	usuario1@example.com
479	ACTUALIZAR-TIENDA	Se actualiza la tienda Lider 2025	tienda	2025-08-11 19:13:44.22825	usuario1@example.com
480	CREAR-TIENDA	Se crea la tienda Classic 2	tienda	2025-08-11 19:28:15.005079	usuario1@example.com
481	ACTUALIZAR-TIENDA	Se actualiza la tienda Classic 2	tienda	2025-08-11 19:29:30.380334	usuario1@example.com
482	ACTUALIZAR-TIENDA	Se actualiza la tienda Koaj Sociego	tienda	2025-08-11 19:29:36.398417	usuario1@example.com
483	ACTUALIZAR-TIENDA	Se actualiza la tienda Koaj Sociego	tienda	2025-08-11 19:29:56.366057	usuario1@example.com
484	ACTUALIZAR-TIENDA	Se actualiza la tienda Classic 2	tienda	2025-08-11 19:30:04.351124	usuario1@example.com
485	LOGIN	Usuario inició sesión exitosamente	Auth	2025-08-14 15:11:48.644293	usuario1@example.com
486	LOGIN	Usuario inició sesión exitosamente	Auth	2025-08-16 13:19:22.713892	usuario1@example.com
487	LOGIN	Usuario inició sesión exitosamente	Auth	2025-08-16 15:14:01.82141	usuario1@example.com
488	LOGIN	Usuario inició sesión exitosamente	Auth	2025-08-16 16:22:36.868656	usuario1@example.com
489	LOGIN	Usuario inició sesión exitosamente	Auth	2025-08-16 17:30:11.315602	usuario1@example.com
490	LOGIN	Usuario inició sesión exitosamente	Auth	2025-08-16 17:51:48.315782	usuario1@example.com
491	LOGIN	Usuario inició sesión exitosamente	Auth	2025-08-16 18:04:59.204415	usuario1@example.com
492	LOGIN	Usuario inició sesión exitosamente	Auth	2025-08-16 18:12:29.931897	usuario1@example.com
493	LOGIN	Usuario inició sesión exitosamente	Auth	2025-08-16 18:33:37.238359	usuario1@example.com
494	LOGIN	Usuario inició sesión exitosamente	Auth	2025-08-16 19:12:12.535877	usuario1@example.com
495	LOGIN	Usuario inició sesión exitosamente	Auth	2025-08-16 19:55:16.449514	usuario1@example.com
496	LOGIN	Usuario inició sesión exitosamente	Auth	2025-08-16 20:50:57.164157	usuario1@example.com
497	LOGIN	Usuario inició sesión exitosamente	Auth	2025-08-16 20:59:32.873345	usuario1@example.com
498	LOGIN	Usuario inició sesión exitosamente	Auth	2025-08-16 21:13:35.293243	usuario1@example.com
499	LOGIN	Usuario inició sesión exitosamente	Auth	2025-08-16 21:22:40.700852	usuario1@example.com
500	LOGIN	Usuario inició sesión exitosamente	Auth	2025-08-16 21:29:08.98287	usuario1@example.com
501	LOGIN	Usuario inició sesión exitosamente	Auth	2025-08-16 21:49:46.600566	usuario1@example.com
502	LOGIN	Usuario inició sesión exitosamente	Auth	2025-08-16 22:38:00.495323	usuario1@example.com
503	LOGIN	Usuario inició sesión exitosamente	Auth	2025-08-16 22:47:37.685269	usuario1@example.com
504	LOGIN	Usuario inició sesión exitosamente	Auth	2025-08-17 11:23:22.628703	usuario1@example.com
505	LOGIN	Usuario inició sesión exitosamente	Auth	2025-08-17 13:25:28.157878	usuario1@example.com
506	LOGIN	Usuario inició sesión exitosamente	Auth	2025-08-18 10:00:41.028393	usuario1@example.com
507	ACTUALIZAR_MOVIMIENTO	Movimiento 101 actualizado para la tienda Tienda 2025 con fecha 2025-08-01	movimiento	2025-08-18 12:23:41.167821	usuario1@example.com
508	LOGIN	Usuario inició sesión exitosamente	Auth	2025-08-18 14:25:47.312002	usuario1@example.com
509	LOGIN	Usuario inició sesión exitosamente	Auth	2025-08-18 16:05:57.853535	usuario1@example.com
510	LOGIN	Usuario inició sesión exitosamente	Auth	2025-08-18 16:10:00.653557	usuario4@example.com
511	LOGIN	Usuario inició sesión exitosamente	Auth	2025-08-18 16:40:22.441463	usuario4@example.com
512	LOGIN	Usuario inició sesión exitosamente	Auth	2025-08-18 19:39:18.988557	usuario4@example.com
513	LOGIN	Usuario inició sesión exitosamente	Auth	2025-08-18 19:43:22.879757	usuario4@example.com
514	LOGIN	Usuario inició sesión exitosamente	Auth	2025-08-18 19:52:41.413289	usuario1@example.com
515	LOGIN	Usuario inició sesión exitosamente	Auth	2025-08-18 19:54:57.239305	usuario4@example.com
516	LOGIN	Usuario inició sesión exitosamente	Auth	2025-08-18 19:59:53.010408	usuario1@example.com
517	LOGIN	Usuario inició sesión exitosamente	Auth	2025-08-18 20:00:52.234788	usuario4@example.com
518	LOGIN	Usuario inició sesión exitosamente	Auth	2025-08-18 20:01:03.770176	usuario4@example.com
519	LOGIN	Usuario inició sesión exitosamente	Auth	2025-08-18 20:05:30.572933	usuario1@example.com
520	LOGIN	Usuario inició sesión exitosamente	Auth	2025-08-18 20:05:51.642182	usuario4@example.com
521	LOGIN	Usuario inició sesión exitosamente	Auth	2025-08-18 20:12:35.40947	usuario1@example.com
522	LOGIN	Usuario inició sesión exitosamente	Auth	2025-08-18 20:12:51.715159	usuario4@example.com
523	LOGIN	Usuario inició sesión exitosamente	Auth	2025-08-18 20:14:27.566309	usuario4@example.com
524	LOGIN	Usuario inició sesión exitosamente	Auth	2025-08-18 20:26:25.73347	usuario4@example.com
525	LOGIN	Usuario inició sesión exitosamente	Auth	2025-08-18 20:29:14.273834	usuario4@example.com
526	LOGIN	Usuario inició sesión exitosamente	Auth	2025-08-18 20:32:24.201573	usuario4@example.com
527	LOGIN	Usuario inició sesión exitosamente	Auth	2025-08-18 20:33:00.03417	usuario1@example.com
528	LOGIN	Usuario inició sesión exitosamente	Auth	2025-08-18 21:00:01.466035	usuario1@example.com
529	LOGIN	Usuario inició sesión exitosamente	Auth	2025-08-24 10:53:44.777806	usuario1@example.com
530	LOGIN	Usuario inició sesión exitosamente	Auth	2025-08-24 21:02:37.829605	usuario1@example.com
531	LOGIN	Usuario inició sesión exitosamente	Auth	2025-08-24 21:11:30.872542	usuario4@example.com
532	LOGIN	Usuario inició sesión exitosamente	Auth	2025-08-24 21:12:03.183728	usuario1@example.com
533	LOGIN	Usuario inició sesión exitosamente	Auth	2025-08-30 11:36:45.011331	usuario1@example.com
534	LOGIN	Usuario inició sesión exitosamente	Auth	2025-08-30 11:36:45.055215	usuario1@example.com
535	LOGIN	Usuario inició sesión exitosamente	Auth	2025-08-30 12:27:10.397454	usuario1@example.com
536	LOGIN	Usuario inició sesión exitosamente	Auth	2025-08-30 12:49:56.895267	usuario1@example.com
537	ACTUALIZAR_MOVIMIENTO	Movimiento 100 actualizado para la tienda Lider 2025 con fecha 2025-08-01	movimiento	2025-08-30 12:51:14.657481	usuario1@example.com
538	LOGIN	Usuario inició sesión exitosamente	Auth	2025-08-30 13:19:40.511599	usuario1@example.com
539	CREAR_MOVIMIENTO	Movimiento creado para la tienda Tienda 2025 con fecha 2025-08-30	movimiento	2025-08-30 13:42:00.869631	usuario1@example.com
540	LOGIN	Usuario inició sesión exitosamente	Auth	2025-08-30 14:16:10.552877	usuario1@example.com
541	CREAR_MOVIMIENTO	Movimiento creado para la tienda Lider 2025 con fecha 2025-08-30	movimiento	2025-08-30 14:27:12.959032	usuario1@example.com
542	LOGIN	Usuario inició sesión exitosamente	Auth	2025-08-30 14:41:13.746484	usuario1@example.com
543	LOGIN	Usuario inició sesión exitosamente	Auth	2025-08-30 14:52:56.079757	usuario1@example.com
544	CREAR_MOVIMIENTO	Movimiento creado para la tienda Koaj Centro con fecha 2025-08-30	movimiento	2025-08-30 15:08:24.924936	usuario1@example.com
545	LOGIN	Usuario inició sesión exitosamente	Auth	2025-08-31 11:49:24.550704	usuario1@example.com
546	LOGIN	Usuario inició sesión exitosamente	Auth	2025-08-31 12:26:26.294518	usuario1@example.com
547	ACTUALIZAR_MOVIMIENTO	Movimiento 104 actualizado para la tienda Koaj Centro con fecha 2025-08-30	movimiento	2025-08-31 12:26:58.545409	usuario1@example.com
548	LOGIN	Usuario inició sesión exitosamente	Auth	2025-08-31 12:39:34.226897	usuario4@example.com
549	LOGIN	Usuario inició sesión exitosamente	Auth	2025-08-31 12:50:44.886088	usuario1@example.com
550	LOGIN	Usuario inició sesión exitosamente	Auth	2025-08-31 12:54:49.843536	usuario1@example.com
551	LOGIN	Usuario inició sesión exitosamente	Auth	2025-08-31 12:55:07.554724	usuario4@example.com
552	LOGIN	Usuario inició sesión exitosamente	Auth	2025-08-31 13:24:49.106273	usuario4@example.com
553	LOGIN	Usuario inició sesión exitosamente	Auth	2025-08-31 13:32:46.933857	usuario4@example.com
554	LOGIN	Usuario inició sesión exitosamente	Auth	2025-08-31 13:53:53.927919	usuario4@example.com
555	LOGIN	Usuario inició sesión exitosamente	Auth	2025-08-31 14:10:45.29857	usuario1@example.com
556	LOGIN	Usuario inició sesión exitosamente	Auth	2025-08-31 14:18:32.580853	usuario1@example.com
557	LOGIN	Usuario inició sesión exitosamente	Auth	2025-08-31 15:11:14.043522	usuario1@example.com
558	ACTUALIZAR_MOVIMIENTO	Movimiento 104 actualizado para la tienda Koaj Centro con fecha 2025-08-30	movimiento	2025-08-31 15:12:26.656933	usuario1@example.com
559	ACTUALIZAR_MOVIMIENTO	Movimiento 104 actualizado para la tienda Koaj Centro con fecha 2025-08-30	movimiento	2025-08-31 15:15:07.32694	usuario1@example.com
560	ACTUALIZAR_MOVIMIENTO	Movimiento 103 actualizado para la tienda Lider 2025 con fecha 2025-08-30	movimiento	2025-08-31 15:20:37.079393	usuario1@example.com
561	LOGIN	Usuario inició sesión exitosamente	Auth	2025-08-31 15:23:11.121525	usuario4@example.com
562	CREAR_MOVIMIENTO	Movimiento creado para la tienda Tienda 2025 con fecha 2025-08-31	movimiento	2025-08-31 15:46:35.7804	usuario4@example.com
563	ELIMINAR_MOVIMIENTO	Movimiento 105 eliminado para la tienda Tienda 2025	movimiento	2025-08-31 15:49:28.449165	usuario4@example.com
564	ACTUALIZAR_MOVIMIENTO	Movimiento 102 modificado para la tienda Tienda 2025 con fecha 2025-08-30	movimiento	2025-08-31 15:49:46.697111	usuario4@example.com
565	CREAR_MOVIMIENTO	Movimiento creado para la tienda Tienda 2025 con fecha 2025-08-31	movimiento	2025-08-31 15:50:17.471731	usuario4@example.com
566	LOGIN	Usuario inició sesión exitosamente	Auth	2025-08-31 15:51:56.612155	usuario1@example.com
567	CREAR_MOVIMIENTO	Movimiento creado para la tienda Koaj Centro con fecha 2025-08-31	movimiento	2025-08-31 15:53:37.389442	usuario1@example.com
568	LOGIN	Usuario inició sesión exitosamente	Auth	2025-08-31 19:20:21.40627	usuario1@example.com
569	ACTUALIZAR_NOMBRE	Se actualiza el nombre y/o apellido del usuario Usuario16@example.com	usuario	2025-08-31 20:19:48.498446	usuario1@example.com
570	ACTUALIZAR_NOMBRE	Se actualiza el nombre y/o apellido del usuario Usuario16@example.com	usuario	2025-08-31 20:19:56.94002	usuario1@example.com
571	ELIMINAR_USUARIO	Se elimina el usuario Usuario16@example.com	usuario	2025-08-31 20:20:06.832084	usuario1@example.com
572	ACTUALIZAR_TIENDA	Se actualiza la tienda a Elite 2025 al usuario usuario3@example.com	usuario	2025-08-31 20:20:36.841682	usuario1@example.com
573	LOGIN	Usuario inició sesión exitosamente	Auth	2025-08-31 21:11:45.113131	usuario1@example.com
574	LOGIN	Usuario inició sesión exitosamente	Auth	2025-09-05 09:41:05.429702	usuario1@example.com
575	ACTUALIZAR-TIENDA	Se actualiza la tienda Tienda 2025	tienda	2025-09-05 09:55:16.520057	usuario1@example.com
576	CREAR-TIENDA	Se crea la tienda Tienda de Prueba	tienda	2025-09-05 09:56:00.497647	usuario1@example.com
577	ELIMINAR-TIENDA	Se elimina la tienda 21	tienda	2025-09-05 09:56:23.557445	usuario1@example.com
578	ACTUALIZAR-CAJA	Se actualiza la caja Caja No.1 Tienda 20255    de la tienda 10	caja	2025-09-05 10:02:05.813158	usuario1@example.com
579	ACTUALIZAR-CAJA	Se actualiza la caja Caja No.1 Tienda 2025 de la tienda 10	caja	2025-09-05 10:02:14.762233	usuario1@example.com
580	CREAR-CAJA	Se crea la caja Caj Prueba para la tienda 10	caja	2025-09-05 10:02:34.272601	usuario1@example.com
581	ELIMINAR-CAJA	Se elimina la caja 23	caja	2025-09-05 10:02:48.058806	usuario1@example.com
582	LOGIN	Usuario inició sesión exitosamente	Auth	2025-09-05 12:24:33.08256	usuario1@example.com
583	ACTUALIZAR-CAJA	Se actualiza la caja Caja No.1 Koaj Centro de la tienda 1	caja	2025-09-05 12:25:20.543048	usuario1@example.com
584	ACTUALIZAR-CAJA	Se actualiza la caja Caja No.1 Koaj Centro de la tienda 1	caja	2025-09-05 12:26:51.414224	usuario1@example.com
585	LOGIN	Usuario inició sesión exitosamente	Auth	2025-09-05 12:36:29.598879	usuario1@example.com
586	ACTUALIZAR-CAJA	Se actualiza la caja Caja No.1 Koaj Centro de la tienda 1	caja	2025-09-05 12:36:39.391756	usuario1@example.com
587	CREAR-CAJA	Se crea la caja Caja No.3 Koaj Centro para la tienda 1	caja	2025-09-05 12:38:11.045595	usuario1@example.com
588	LOGIN	Usuario inició sesión exitosamente	Auth	2025-09-05 12:53:13.012299	usuario1@example.com
589	LOGIN	Usuario inició sesión exitosamente	Auth	2025-09-05 12:55:18.959005	usuario1@example.com
590	CREAR-CAJA	Se crea la caja Caja No.3 Koaj Sociego para la tienda 2	caja	2025-09-05 12:56:05.340812	usuario1@example.com
591	ELIMINAR-CAJA	Se elimina la caja 25	caja	2025-09-05 12:56:43.287776	usuario1@example.com
592	LOGIN	Usuario inició sesión exitosamente	Auth	2025-09-05 14:08:53.10378	usuario1@example.com
593	LOGIN	Usuario inició sesión exitosamente	Auth	2025-09-05 15:15:24.182132	usuario1@example.com
594	ACTUALIZAR-CAJA	Se actualiza la caja Caja No.1 Koaj Centro de la tienda 1	caja	2025-09-05 15:16:26.582465	usuario1@example.com
595	ACTUALIZAR-CAJA	Se actualiza la caja Caja No.2 Koaj Centro de la tienda 1	caja	2025-09-05 15:20:01.758328	usuario1@example.com
596	ELIMINAR-CAJA	Se elimina la caja 24	caja	2025-09-05 15:20:16.637128	usuario1@example.com
597	ACTUALIZAR-CAJA	Se actualiza la caja Caja No.1 Koaj Sociego de la tienda 2	caja	2025-09-05 15:20:26.819278	usuario1@example.com
598	ACTUALIZAR-CAJA	Se actualiza la caja Caja No.2  Koaj Sociego de la tienda 2	caja	2025-09-05 15:20:38.962056	usuario1@example.com
599	LOGIN	Usuario inició sesión exitosamente	Auth	2025-09-05 20:28:33.527296	usuario1@example.com
600	LOGIN	Usuario inició sesión exitosamente	Auth	2025-09-06 10:23:16.689625	usuario1@example.com
601	LOGIN	Usuario inició sesión exitosamente	Auth	2025-09-06 10:37:31.541269	usuario1@example.com
602	LOGIN	Usuario inició sesión exitosamente	Auth	2025-09-06 12:24:17.905376	usuario1@example.com
603	LOGIN	Usuario inició sesión exitosamente	Auth	2025-09-06 12:36:47.494525	usuario1@example.com
604	LOGIN	Usuario inició sesión exitosamente	Auth	2025-09-06 15:57:02.104051	usuario1@example.com
605	LOGIN	Usuario inició sesión exitosamente	Auth	2025-09-06 16:18:15.153074	usuario1@example.com
606	LOGIN	Usuario inició sesión exitosamente	Auth	2025-09-06 16:39:02.875718	usuario1@example.com
607	LOGIN	Usuario inició sesión exitosamente	Auth	2025-09-06 16:57:35.205349	usuario1@example.com
608	LOGIN	Usuario inició sesión exitosamente	Auth	2025-09-06 17:06:48.638663	usuario1@example.com
609	LOGIN	Usuario inició sesión exitosamente	Auth	2025-09-06 17:11:25.321589	usuario1@example.com
610	LOGIN	Usuario inició sesión exitosamente	Auth	2025-09-06 17:39:27.397112	usuario1@example.com
611	LOGIN	Usuario inició sesión exitosamente	Auth	2025-09-06 17:50:58.704944	usuario1@example.com
612	ACTUALIZAR_MOVIMIENTO	Movimiento 107 actualizado para la tienda Koaj Centro con fecha 2025-08-31	movimiento	2025-09-06 17:58:36.701121	usuario1@example.com
613	LOGIN	Usuario inició sesión exitosamente	Auth	2025-09-06 18:45:46.596674	usuario1@example.com
614	LOGIN	Usuario inició sesión exitosamente	Auth	2025-09-06 20:45:04.883432	usuario1@example.com
615	LOGIN	Usuario inició sesión exitosamente	Auth	2025-09-06 21:01:56.000083	usuario1@example.com
616	LOGIN	Usuario inició sesión exitosamente	Auth	2025-09-06 21:05:41.034733	usuario1@example.com
617	LOGIN	Usuario inició sesión exitosamente	Auth	2025-09-06 21:13:33.674606	usuario1@example.com
618	LOGIN	Usuario inició sesión exitosamente	Auth	2025-09-06 21:35:25.619092	usuario1@example.com
619	LOGIN	Usuario inició sesión exitosamente	Auth	2025-09-06 21:42:13.337909	usuario1@example.com
620	LOGIN	Usuario inició sesión exitosamente	Auth	2025-09-06 21:44:10.32153	usuario1@example.com
621	LOGIN	Usuario inició sesión exitosamente	Auth	2025-09-06 21:49:49.764575	usuario1@example.com
622	LOGIN	Usuario inició sesión exitosamente	Auth	2025-09-06 22:05:01.60999	usuario1@example.com
623	LOGIN	Usuario inició sesión exitosamente	Auth	2025-09-06 22:07:07.588191	usuario1@example.com
624	LOGIN	Usuario inició sesión exitosamente	Auth	2025-09-06 22:28:38.871729	usuario1@example.com
625	LOGIN	Usuario inició sesión exitosamente	Auth	2025-09-07 10:03:30.603023	usuario1@example.com
626	LOGIN	Usuario inició sesión exitosamente	Auth	2025-09-07 10:17:35.130603	usuario1@example.com
627	LOGIN	Usuario inició sesión exitosamente	Auth	2025-09-07 10:50:57.431185	usuario1@example.com
628	ACTUALIZAR-CAJA	Se actualiza la caja Caja No.2  Koaj Sociego de la tienda 2	caja	2025-09-07 10:51:35.878614	usuario1@example.com
629	LOGIN	Usuario inició sesión exitosamente	Auth	2025-09-08 14:53:11.183061	usuario1@example.com
630	LOGIN	Usuario inició sesión exitosamente	Auth	2025-09-08 18:00:37.330708	usuario1@example.com
631	LOGIN	Usuario inició sesión exitosamente	Auth	2025-09-08 21:35:19.171181	usuario1@example.com
632	LOGIN	Usuario inició sesión exitosamente	Auth	2025-09-08 21:39:46.109594	usuario1@example.com
633	LOGIN	Usuario inició sesión exitosamente	Auth	2025-09-08 22:24:27.055047	usuario1@example.com
634	LOGIN	Usuario inició sesión exitosamente	Auth	2025-09-08 22:39:45.826692	usuario1@example.com
635	LOGIN	Usuario inició sesión exitosamente	Auth	2025-09-08 22:51:24.051392	usuario1@example.com
636	LOGIN	Usuario inició sesión exitosamente	Auth	2025-09-09 09:06:32.799004	usuario1@example.com
637	LOGIN	Usuario inició sesión exitosamente	Auth	2025-09-09 09:13:02.52959	usuario1@example.com
638	LOGIN	Usuario inició sesión exitosamente	Auth	2025-09-09 09:55:07.907732	usuario1@example.com
639	LOGIN	Usuario inició sesión exitosamente	Auth	2025-09-09 10:01:14.398624	usuario1@example.com
640	LOGIN	Usuario inició sesión exitosamente	Auth	2025-09-09 10:20:47.859429	usuario1@example.com
641	LOGIN	Usuario inició sesión exitosamente	Auth	2025-09-09 10:26:18.372495	usuario1@example.com
642	LOGIN	Usuario inició sesión exitosamente	Auth	2025-09-09 10:34:39.44443	usuario1@example.com
643	LOGIN	Usuario inició sesión exitosamente	Auth	2025-09-09 10:48:20.175277	usuario1@example.com
644	LOGIN	Usuario inició sesión exitosamente	Auth	2025-09-09 10:53:05.544307	usuario1@example.com
645	LOGIN	Usuario inició sesión exitosamente	Auth	2025-09-09 11:00:59.261773	usuario1@example.com
646	LOGIN	Usuario inició sesión exitosamente	Auth	2025-09-09 11:08:39.783927	usuario1@example.com
647	LOGIN	Usuario inició sesión exitosamente	Auth	2025-09-09 11:15:28.489126	usuario1@example.com
648	LOGIN	Usuario inició sesión exitosamente	Auth	2025-09-09 11:20:29.657561	usuario1@example.com
649	LOGIN	Usuario inició sesión exitosamente	Auth	2025-09-09 14:11:18.916777	usuario1@example.com
650	LOGIN	Usuario inició sesión exitosamente	Auth	2025-09-09 14:13:11.835272	usuario1@example.com
651	LOGIN	Usuario inició sesión exitosamente	Auth	2025-09-09 15:00:31.452826	usuario1@example.com
652	LOGIN	Usuario inició sesión exitosamente	Auth	2025-09-09 15:09:06.834874	usuario1@example.com
653	LOGIN	Usuario inició sesión exitosamente	Auth	2025-09-09 15:57:28.77668	usuario1@example.com
654	LOGIN	Usuario inició sesión exitosamente	Auth	2025-09-09 16:53:48.255224	usuario4@example.com
655	LOGIN	Usuario inició sesión exitosamente	Auth	2025-09-09 17:02:23.36867	usuario4@example.com
656	LOGIN	Usuario inició sesión exitosamente	Auth	2025-09-09 17:06:34.861032	usuario4@example.com
657	LOGIN	Usuario inició sesión exitosamente	Auth	2025-09-09 17:25:37.640652	usuario4@example.com
658	LOGIN	Usuario inició sesión exitosamente	Auth	2025-09-09 17:38:54.544765	usuario4@example.com
659	LOGIN	Usuario inició sesión exitosamente	Auth	2025-09-09 17:40:29.888611	usuario1@example.com
660	LOGIN	Usuario inició sesión exitosamente	Auth	2025-09-09 18:07:14.225818	usuario1@example.com
661	LOGIN	Usuario inició sesión exitosamente	Auth	2025-09-09 20:44:58.946681	usuario1@example.com
662	LOGIN	Usuario inició sesión exitosamente	Auth	2025-09-10 11:06:32.14042	usuario4@example.com
663	LOGIN	Usuario inició sesión exitosamente	Auth	2025-09-10 11:10:02.944886	usuario1@example.com
664	ACTUALIZAR_MOVIMIENTO	Movimiento 106 modificado para la tienda Tienda 2025 con fecha 2025-09-01	movimiento	2025-09-10 11:23:02.113308	usuario4@example.com
665	LOGIN	Usuario inició sesión exitosamente	Auth	2025-09-11 20:38:47.775257	usuario1@example.com
666	ACTUALIZAR_ESTADO	Se modifica el estado del usuario usuario9@example.com a inactivo	usuario	2025-09-11 20:52:49.697866	usuario1@example.com
667	ACTUALIZAR_ROL	Se modifica el rol del usuario usuario7@example.com a USER	usuario	2025-09-11 20:55:24.57133	usuario1@example.com
668	ACTUALIZAR_NOMBRE	Se actualiza el nombre y/o apellido del usuario usuario9@example.com	usuario	2025-09-11 20:56:06.63434	usuario1@example.com
669	ACTUALIZAR_TIENDA	Se actualiza la tienda a Croydon al usuario usuario7@example.com	usuario	2025-09-11 20:56:16.745759	usuario1@example.com
670	LOGIN	Usuario inició sesión exitosamente	Auth	2025-09-11 20:56:53.003633	usuario4@example.com
671	CREAR_MOVIMIENTO	Movimiento creado para la tienda Tienda 2025 con fecha 2025-09-11	movimiento	2025-09-11 20:58:44.436498	usuario4@example.com
672	CREAR-CAJA	Se crea la caja Caja No.2 Tienda 2025 para la tienda 10	caja	2025-09-11 20:59:40.177729	usuario1@example.com
673	CREAR_MOVIMIENTO	Movimiento creado para la tienda Tienda 2025 con fecha 2025-09-11	movimiento	2025-09-11 21:00:35.640573	usuario4@example.com
674	ACTUALIZAR_MOVIMIENTO	Movimiento 109 modificado para la tienda Tienda 2025 con fecha 2025-09-11	movimiento	2025-09-11 21:01:23.593909	usuario4@example.com
675	ACTUALIZAR_MOVIMIENTO	Movimiento 109 modificado para la tienda Tienda 2025 con fecha 2025-09-11	movimiento	2025-09-11 21:02:01.612225	usuario4@example.com
676	ACTUALIZAR_MOVIMIENTO	Movimiento 109 modificado para la tienda Tienda 2025 con fecha 2025-09-10	movimiento	2025-09-11 21:02:28.987033	usuario4@example.com
677	CREAR_MOVIMIENTO	Movimiento creado para la tienda Tienda 2025 con fecha 2025-09-11	movimiento	2025-09-11 21:03:08.871042	usuario4@example.com
678	CREAR_MOVIMIENTO	Movimiento creado para la tienda Tienda 2025 con fecha 2025-09-08	movimiento	2025-09-11 21:10:13.210168	usuario4@example.com
679	LOGIN	Usuario inició sesión exitosamente	Auth	2025-09-11 21:11:29.388524	usuario1@example.com
680	CREAR-TIENDA	Se crea la tienda Tienda última	tienda	2025-09-11 21:12:08.118828	usuario1@example.com
681	ACTUALIZAR-TIENDA	Se actualiza la tienda Tienda última	tienda	2025-09-11 21:24:20.022356	usuario1@example.com
682	LOGIN	Usuario inició sesión exitosamente	Auth	2025-09-13 10:49:29.554093	usuario1@example.com
683	LOGIN	Usuario inició sesión exitosamente	Auth	2025-09-13 11:15:38.826739	usuario1@example.com
684	ACTUALIZAR_ESTADO	Se modifica el estado del usuario usuario7@example.com a activo	usuario	2025-09-13 11:16:02.927388	usuario1@example.com
685	ACTUALIZAR_ESTADO	Se modifica el estado del usuario usuario7@example.com a inactivo	usuario	2025-09-13 11:16:04.683839	usuario1@example.com
686	ACTUALIZAR_NOMBRE	Se actualiza el nombre y/o apellido del usuario usuario7@example.com	usuario	2025-09-13 11:16:17.781571	usuario1@example.com
687	LOGIN	Usuario inició sesión exitosamente	Auth	2025-09-13 11:56:47.113989	usuario1@example.com
688	LOGIN	Usuario inició sesión exitosamente	Auth	2025-09-13 11:57:51.869364	usuario4@example.com
\.


--
-- TOC entry 4928 (class 0 OID 16398)
-- Dependencies: 220
-- Data for Name: cajas; Type: TABLE DATA; Schema: public; Owner: postgres
--

COPY public.cajas (id, datafono, descripcion, eskoaj, fecha_actualizacion, fecha_creacion, tienda_id) FROM stdin;
1	000A8EUV	Caja No.1 Koaj Centro	t	2025-09-05 15:16:26.517543	\N	1
2	\N	Caja No.2 Koaj Centro	t	2025-09-05 15:20:01.701701	\N	1
3	\N	Caja No.1 Koaj Sociego	t	2025-09-05 15:20:26.775674	\N	2
4	000A8EUW	Caja No.2  Koaj Sociego	t	2025-09-07 10:51:35.781176	\N	2
5	\N	Caja No.1 Elite 2025	f	2025-05-16 17:07:04.686274	2025-05-09 23:24:32.00168	3
6	\N	Caja No.2 Elite 2025	f	2025-05-16 17:07:11.999444	2025-05-13 20:53:22.188582	3
10	\N	Caja No.1 Líder 2025	f	2025-05-16 12:36:53.117932	2025-05-16 12:36:53.117932	9
11	\N	Caja No.2 Lider 2025	f	2025-05-17 23:11:09.305068	2025-05-17 23:11:09.305068	9
12	\N	Caja No.1 Tienda 2025	f	2025-09-05 10:02:14.73583	2025-05-18 13:34:30.142035	10
13		Caja No.2 Tienda 2025	f	2025-09-11 20:59:40.133343	2025-09-11 20:59:40.133343	10
\.


--
-- TOC entry 4930 (class 0 OID 16406)
-- Dependencies: 222
-- Data for Name: movimientos; Type: TABLE DATA; Schema: public; Owner: postgres
--

COPY public.movimientos (id, abono_sistet, addi, bono_big_pass, bono_sodexo, bonosvendidos, caja_actual, cajaanterior, certificado_dotacion, codensa, daviplata, diferencia, editable, efectivo, fecha, fecha_actualizacion, fecha_creacion, gastos, observaciones, qr_cuenta_sra_paty, sistecredito, tarjeta_big_pass, tarjeta_regalo, tarjeta_sodexo, tc, tef_ogloba, texito, total, totalabosiste, totalparcial, venta, venta_pagina_web, voucher_datafono4, voucher_style, voucher_urban, caja_id, tienda_id) FROM stdin;
1	5000.00	0.00	0.00	0.00	\N	\N	\N	0.00	3000.00	25000.00	\N	t	120000.00	2025-05-07	2025-05-15 11:05:34.622751	2025-05-08 10:46:14.44519	2000.00	\N	2000.00	0.00	8000.00	0.00	10000.00	40000.00	1500.00	5000.00	\N	\N	\N	\N	15000.00	0.00	0.00	0.00	6	3
2	5000.00	0.00	0.00	0.00	\N	\N	\N	0.00	3000.00	25000.00	\N	t	170000.00	2025-05-08	2025-05-08 20:33:22.763658	2025-05-08 11:02:53.864486	2000.00	\N	2000.00	0.00	8000.00	0.00	10000.00	40000.00	1500.00	5000.00	\N	\N	\N	\N	15000.00	0.00	0.00	0.00	2	1
4	5000.00	0.00	0.00	0.00	\N	\N	\N	0.00	3000.00	25000.00	\N	t	120000.00	2025-05-04	2025-05-08 11:22:03.323318	2025-05-08 11:22:03.323318	2000.00	\N	2000.00	0.00	8000.00	0.00	10000.00	40000.00	1500.00	5000.00	\N	\N	\N	\N	15000.00	0.00	0.00	0.00	1	1
5	0.00	0.00	0.00	0.00	\N	\N	\N	0.00	0.00	0.00	\N	t	0.00	2025-05-08	2025-05-08 15:09:47.056148	2025-05-08 15:09:47.056148	0.00	\N	0.00	0.00	0.00	0.00	0.00	0.00	0.00	0.00	\N	\N	\N	\N	0.00	0.00	0.00	0.00	4	2
6	71411414.00	0.00	0.00	0.00	\N	\N	\N	0.00	0.00	7777777.00	\N	t	9999999.00	2025-05-07	2025-05-09 12:32:13.230506	2025-05-08 17:28:59.57766	77777777.00	\N	0.00	0.00	0.00	0.00	0.00	0.00	0.00	0.00	\N	\N	\N	\N	0.00	0.00	0.00	0.00	3	2
7	0.00	0.00	0.00	0.00	\N	\N	\N	0.00	0.00	0.00	\N	t	0.00	2025-05-09	2025-05-09 20:21:16.494958	2025-05-09 20:21:16.494958	0.00	\N	0.00	0.00	0.00	0.00	0.00	0.00	0.00	0.00	\N	\N	\N	\N	0.00	0.00	0.00	0.00	2	1
8	66.00	0.00	0.00	0.00	\N	\N	\N	0.00	0.00	0.00	\N	t	0.00	2025-05-06	2025-05-09 22:47:09.958984	2025-05-09 22:46:44.339656	77.00	\N	0.00	0.00	0.00	0.00	0.00	0.00	0.00	0.00	\N	\N	\N	\N	0.00	0.00	0.00	0.00	2	1
9	0.00	0.00	0.00	0.00	\N	\N	\N	0.00	0.00	0.00	\N	t	5555555.00	2025-05-08	2025-05-09 23:01:37.014331	2025-05-09 22:50:06.81538	222222.00	\N	0.00	0.00	0.00	0.00	0.00	0.00	0.00	0.00	\N	\N	\N	\N	0.00	0.00	0.00	0.00	3	2
10	0.00	0.00	0.00	0.00	\N	\N	\N	0.00	0.00	0.00	\N	t	0.00	2025-05-09	2025-05-09 22:50:22.938068	2025-05-09 22:50:22.938068	0.00	\N	0.00	0.00	0.00	0.00	0.00	0.00	0.00	0.00	\N	\N	\N	\N	0.00	0.00	0.00	0.00	3	2
11	0.00	0.00	0.00	0.00	\N	\N	\N	0.00	0.00	0.00	\N	t	0.00	2025-05-09	2025-05-13 16:29:48.975297	2025-05-09 23:01:20.834125	0.00	\N	0.00	0.00	0.00	0.00	0.00	0.00	0.00	0.00	\N	\N	\N	\N	0.00	0.00	0.00	0.00	1	1
23	0.00	0.00	0.00	0.00	\N	\N	\N	0.00	0.00	0.00	\N	t	222222.00	2025-05-13	2025-05-16 13:10:18.983784	2025-05-13 17:30:21.006564	0.00	\N	0.00	0.00	0.00	0.00	0.00	0.00	0.00	0.00	\N	\N	\N	\N	0.00	0.00	0.00	0.00	2	1
26	0.00	1111.00	0.00	0.00	\N	\N	\N	0.00	11111.00	111111.00	\N	f	1111.00	2025-05-12	2025-05-15 18:36:33.300748	2025-05-13 18:05:09.473068	0.00	\N	22222.23	11111.00	22222.00	0.00	0.00	22222.00	22222.00	111111.00	\N	\N	\N	\N	0.00	0.00	0.00	0.00	1	1
28	0.00	1111.00	0.00	0.00	\N	\N	\N	0.00	11111.00	111111.00	\N	t	0.00	2025-05-11	2025-05-13 18:06:55.000759	2025-05-13 18:06:55.000759	0.00	\N	22222.23	11111.00	22222.00	0.00	0.00	22222.00	22222.00	111111.00	\N	\N	\N	\N	0.00	0.00	0.00	0.00	1	1
29	0.00	222.00	0.00	0.00	\N	\N	\N	0.00	0.00	0.00	\N	t	111.00	2025-05-08	2025-05-13 18:35:42.988298	2025-05-13 18:35:42.988298	3333.00	\N	0.00	0.00	0.00	0.00	0.00	0.00	0.00	0.00	\N	\N	\N	\N	0.00	0.00	0.00	0.00	1	1
33	0.00	0.00	0.00	0.00	\N	\N	\N	0.00	0.00	0.00	\N	t	888.00	2025-05-10	2025-05-13 18:45:20.286606	2025-05-13 18:45:20.286606	55555.00	\N	0.00	0.00	0.00	0.00	0.00	0.00	0.00	0.00	\N	\N	\N	\N	0.00	0.00	0.00	0.00	1	1
37	0.00	0.00	0.00	0.00	\N	\N	\N	0.00	0.00	0.00	\N	f	0.00	2025-05-07	2025-05-15 16:13:06.090893	2025-05-13 19:02:26.215977	0.00	\N	0.00	0.00	0.00	0.00	0.00	0.00	0.00	0.00	\N	\N	\N	\N	0.00	0.00	0.00	0.00	1	1
41	0.00	0.00	0.00	0.00	\N	\N	\N	0.00	0.00	0.00	\N	t	0.00	2025-05-14	2025-05-14 20:57:19.737387	2025-05-14 20:57:19.737387	0.00	\N	0.00	0.00	0.00	0.00	0.00	0.00	0.00	0.00	\N	\N	\N	\N	0.00	0.00	0.00	0.00	5	3
45	0.00	0.00	0.00	0.00	\N	\N	\N	0.00	0.00	0.00	\N	t	1234.00	2025-05-15	2025-05-16 13:00:28.17037	2025-05-16 13:00:28.169424	56789.00	\N	0.00	0.00	0.00	0.00	0.00	0.00	0.00	0.00	\N	\N	\N	\N	0.00	0.00	0.00	0.00	10	9
46	0.00	0.00	0.00	0.00	\N	\N	\N	0.00	0.00	0.00	\N	t	0.00	2025-05-14	2025-05-16 13:06:17.956527	2025-05-16 13:06:17.956527	0.00	\N	0.00	0.00	0.00	0.00	0.00	0.00	0.00	0.00	\N	\N	\N	\N	0.00	0.00	0.00	0.00	10	9
47	0.00	0.00	0.00	0.00	\N	\N	\N	0.00	0.00	0.00	\N	t	0.00	2025-05-13	2025-05-16 13:09:25.269052	2025-05-16 13:09:25.269052	0.00	\N	0.00	0.00	0.00	0.00	0.00	0.00	0.00	0.00	\N	\N	\N	\N	0.00	0.00	0.00	0.00	10	9
49	0.00	0.00	0.00	0.00	\N	\N	\N	0.00	0.00	0.00	\N	t	123444.00	2025-05-15	2025-05-16 18:14:34.921803	2025-05-16 18:14:34.921803	0.00	\N	0.00	0.00	0.00	0.00	0.00	0.00	0.00	0.00	\N	\N	\N	\N	0.00	0.00	0.00	0.00	1	1
50	0.00	0.00	0.00	0.00	\N	\N	\N	0.00	0.00	0.00	\N	t	18500000.37	2025-05-16	2025-05-16 18:15:41.335767	2025-05-16 18:15:41.335767	0.00	\N	0.00	0.00	0.00	0.00	0.00	0.00	0.00	0.00	\N	\N	\N	\N	0.00	0.00	0.00	0.00	1	1
53	0.00	0.00	0.00	0.00	\N	\N	\N	0.00	0.00	0.00	\N	t	0.00	2025-05-18	2025-05-16 18:37:11.745757	2025-05-16 18:37:11.745757	0.00	\N	0.00	0.00	0.00	0.00	0.00	0.00	0.00	0.00	\N	\N	\N	\N	0.00	0.00	0.00	0.00	1	1
67	0.00	0.00	0.00	0.00	\N	\N	\N	0.00	0.00	0.00	\N	t	0.00	2025-05-16	2025-05-16 20:45:32.829151	2025-05-16 20:45:32.829151	0.00	\N	0.00	0.00	0.00	0.00	0.00	0.00	0.00	0.00	\N	\N	\N	\N	0.00	0.00	0.00	0.00	10	9
68	0.00	0.00	0.00	0.00	\N	\N	\N	0.00	0.00	0.00	\N	t	0.00	2025-05-21	2025-05-16 21:58:52.390512	2025-05-16 21:58:52.390512	0.00	\N	0.00	0.00	0.00	0.00	0.00	0.00	0.00	0.00	\N	\N	\N	\N	0.00	0.00	0.00	0.00	3	2
70	0.00	0.00	0.00	0.00	\N	\N	\N	0.00	0.00	0.00	-412.01	t	0.00	2025-05-23	2025-06-21 19:45:32.142717	2025-05-16 22:10:50.335415	0.00	\N	0.00	0.00	0.00	0.00	0.00	0.00	0.00	56587.99	57000.00	\N	56587.99	57000.00	0.00	0.00	0.00	0.00	3	2
71	0.00	0.00	0.00	0.00	\N	\N	\N	0.00	0.00	0.00	\N	t	0.00	2025-05-24	2025-05-16 22:13:21.806431	2025-05-16 22:13:21.806431	0.00	\N	0.00	0.00	0.00	0.00	0.00	0.00	0.00	0.00	\N	\N	\N	\N	0.00	0.00	0.00	0.00	5	3
72	0.00	0.00	0.00	0.00	\N	\N	\N	0.00	0.00	0.00	\N	t	0.00	2025-05-25	2025-05-16 22:15:40.680697	2025-05-16 22:15:40.680697	0.00	\N	0.00	0.00	0.00	0.00	0.00	0.00	0.00	0.00	\N	\N	\N	\N	0.00	0.00	0.00	0.00	10	9
73	0.00	0.00	0.00	0.00	\N	\N	\N	0.00	0.00	0.00	\N	t	0.00	2025-05-28	2025-05-16 22:21:50.632756	2025-05-16 22:21:50.632756	0.00	\N	0.00	0.00	0.00	0.00	0.00	0.00	0.00	0.00	\N	\N	\N	\N	0.00	0.00	0.00	0.00	10	9
74	0.00	0.00	0.00	0.00	\N	\N	\N	0.00	0.00	0.00	\N	t	0.00	2025-05-29	2025-05-17 22:23:23.713692	2025-05-16 22:23:53.93381	0.00	\N	0.00	0.00	0.00	0.00	0.00	0.00	0.00	0.00	\N	\N	\N	\N	555555.87	0.00	0.00	0.00	2	1
75	0.00	0.00	0.00	0.00	\N	1234567.89	\N	0.00	0.00	0.00	1234567.89	t	0.00	2025-05-30	2025-06-23 17:48:12.743393	2025-05-16 22:27:51.653995	0.00	\N	0.00	0.00	0.00	0.00	0.00	0.00	0.00	0.00	0.00	\N	1234567.89	\N	0.00	0.00	0.00	0.00	3	2
76	0.00	0.00	0.00	0.00	\N	\N	\N	0.00	0.00	0.00	\N	t	0.00	2025-05-31	2025-05-25 10:16:10.206052	2025-05-16 22:37:58.787657	0.00	\N	0.00	0.00	0.00	0.00	0.00	0.00	0.00	0.00	\N	\N	\N	\N	0.00	0.00	0.00	0.00	10	9
78	0.00	0.00	0.00	0.00	\N	\N	\N	0.00	0.00	0.00	\N	t	0.00	2025-05-17	2025-05-17 20:31:23.876002	2025-05-17 20:31:23.876002	0.00	\N	0.00	0.00	0.00	0.00	0.00	0.00	0.00	0.00	\N	\N	\N	\N	0.00	0.00	0.00	0.00	2	1
79	0.00	0.00	0.00	0.00	\N	\N	\N	0.00	0.00	0.00	\N	t	0.00	2025-05-17	2025-05-17 20:58:12.681546	2025-05-17 20:58:12.681546	0.00	\N	0.00	0.00	0.00	0.00	0.00	0.00	0.00	0.00	\N	\N	\N	\N	0.00	0.00	56897.77	0.00	1	1
80	0.00	0.00	0.00	0.00	\N	\N	\N	0.00	0.00	0.00	\N	t	464646.87	2025-05-28	2025-05-17 22:24:11.456617	2025-05-17 22:24:11.456617	0.00	\N	0.00	0.00	0.00	0.00	0.00	0.00	0.00	0.00	\N	\N	\N	\N	0.00	0.00	0.00	0.00	2	1
81	0.00	0.00	0.00	0.00	\N	\N	\N	0.00	0.00	0.00	\N	t	444443.00	2025-05-31	2025-05-17 23:12:22.832121	2025-05-17 23:12:22.832121	0.00	\N	0.00	0.00	0.00	0.00	0.00	0.00	0.00	0.00	\N	\N	\N	\N	0.00	0.00	0.00	0.00	11	9
82	0.00	0.00	0.00	0.00	23510.00	56789.12	\N	0.00	1564.55	0.00	272383.71	t	1.58	2025-05-18	2025-06-23 17:54:44.610875	2025-05-18 13:40:09.615845	22222.00	Diferencia positiva	646.00	0.00	0.00	0.00	0.00	0.00	0.00	0.00	11130152.54	5555530.66	11402536.25	5551111.88	11321313.00	0.00	0.00	0.00	12	10
84	243324232.00	0.00	0.00	0.00	\N	\N	\N	0.00	0.00	0.00	\N	t	12334343.00	2025-05-25	2025-05-25 10:38:06.944392	2025-05-25 10:38:06.944392	0.00	\N	0.00	0.00	0.00	0.00	0.00	0.00	0.00	0.00	\N	\N	\N	\N	0.00	0.00	0.00	0.00	1	1
85	0.00	370600.00	0.00	0.00	\N	5678945.00	548700.00	0.00	0.00	56400.00	-5149976.00	t	1750000.00	2025-06-10	2025-07-26 14:19:25.981253	2025-06-10 18:02:42.907165	1076400.00	Diferencia en sistecredito y es negativa	0.00	1874000.00	0.00	0.00	0.00	2457900.00	70000.00	0.00	18484221.00	11423621.00	13334245.00	6511900.00	0.00	0.00	0.00	0.00	1	1
94	0.00	0.00	0.00	0.00	111111.00	76757.66	0.00	0.00	0.00	0.00	76757.77	t	0.00	2025-06-23	2025-06-23 17:31:13.892845	2025-06-23 15:12:00.725343	888888.65	Movto 2025-06-23	0.00	0.00	0.00	0.00	0.00	0.00	0.00	0.00	888888.54	777777.54	965646.31	0.00	0.00	0.00	0.00	0.00	3	2
95	0.00	0.00	0.00	0.00	0.00	555558.99	0.00	0.00	0.00	0.00	555558.99	t	0.00	2025-06-23	2025-06-23 17:28:57.29302	2025-06-23 17:28:57.292122	0.00		0.00	0.00	0.00	0.00	0.00	0.00	0.00	0.00	0.00	0.00	555558.99	0.00	0.00	0.00	0.00	0.00	10	9
96	0.00	0.00	0.00	0.00	0.00	150000.43	0.00	0.00	0.00	0.00	1689.77	t	123.00	2025-06-23	2025-08-01 21:07:18.283135	2025-06-23 17:33:36.6468	0.00	CajaActual 2023-06-23, ajustes 01/08	888.77	0.00	0.00	0.00	0.00	0.00	0.00	678.00	150000.43	0.00	151690.20	150000.43	0.00	0.00	0.00	0.00	12	10
97	0.00	0.00	0.00	0.00	0.00	0.00	1234567.89	0.00	0.00	0.00	0.00	t	0.00	2025-06-18	2025-06-23 17:51:06.946593	2025-06-23 17:51:06.946593	0.00	Ajuste para traer caja anterior a caja actual	0.00	0.00	0.00	0.00	0.00	0.00	0.00	0.00	0.00	0.00	0.00	0.00	0.00	0.00	0.00	0.00	3	2
98	0.00	0.00	0.00	0.00	0.00	0.00	56789.12	0.00	0.00	0.00	-2000000.00	t	0.00	2025-06-01	2025-06-23 17:55:35.228831	2025-06-23 17:55:35.228831	0.00	Ajuste caja anterior en caja actual	0.00	0.00	0.00	0.00	0.00	0.00	0.00	0.00	2000000.00	0.00	0.00	2000000.00	0.00	0.00	0.00	0.00	12	10
99	0.00	5.00	0.00	0.00	0.00	22.00	5678945.00	0.00	4.00	2.00	-5678898.00	t	11.00	2025-07-26	2025-08-01 20:52:53.068731	2025-07-26 14:20:58.621787	0.00		0.00	0.00	0.00	0.00	0.00	0.00	0.00	3.00	5678945.00	0.00	47.00	0.00	0.00	0.00	0.00	0.00	1	1
100	0.00	56666.77	434343.00	0.00	44.56	889000.00	555558.99	0.00	345.00	0.00	9716975.22	t	1.00	2025-08-01	2025-08-30 12:51:14.571885	2025-08-01 21:01:48.462237	0.00	Movimiento 01/08	0.00	0.00	0.00	2.00	4444.00	0.00	0.00	8888888.00	556714.55	1111.00	10273689.77	0.00	0.00	0.00	0.00	0.00	10	9
101	45545.00	0.00	0.00	0.00	65464.00	6465.00	150000.43	0.00	777.00	0.00	44638475.57	t	17777.00	2025-08-01	2025-08-18 12:23:41.069509	2025-08-01 21:10:15.273957	888888.00	1/08	0.00	0.00	0.00	0.00	0.00	0.00	0.00	0.00	765464.43	550000.00	45403940.00	0.00	0.00	0.00	0.00	44444488.00	12	10
102	0.00	0.00	0.00	0.00	0.00	22228899.00	6465.00	0.00	0.00	0.00	23543746.00	t	1321312.00	2025-08-30	2025-08-31 15:49:46.661923	2025-08-30 13:42:00.829684	0.00		0.00	0.00	0.00	0.00	0.00	0.00	0.00	0.00	6465.00	0.00	23550211.00	0.00	0.00	0.00	0.00	0.00	12	10
103	0.00	545454.00	0.00	0.00	0.00	778321.00	889000.00	0.00	-0.01	0.00	434774.99	t	0.00	2025-08-30	2025-08-31 15:20:37.058485	2025-08-30 14:27:12.902488	0.00		0.00	0.00	0.00	0.00	0.00	0.00	0.00	0.00	889000.00	0.00	1323774.99	0.00	0.00	0.00	0.00	0.00	10	9
104	55555555.00	111222211111.00	0.00	0.00	0.00	255666.00	22.00	0.00	111111111.00	0.00	117402910420.00	t	10000000.00	2025-08-30	2025-08-31 15:15:07.280198	2025-08-30 15:08:24.884288	0.00		0.00	444444444.00	1111555444.00	0.00	0.00	0.00	4447777111.00	0.00	22.00	0.00	117402910442.00	0.00	0.00	0.00	0.00	0.00	1	1
106	0.00	0.00	0.00	0.00	0.00	564321.00	22228899.00	0.00	0.00	0.00	-21664578.00	t	0.00	2025-09-01	2025-09-10 11:23:01.987556	2025-08-31 15:50:17.436592	0.00	Movto ok	0.00	0.00	0.00	0.00	0.00	0.00	0.00	0.00	22228899.00	0.00	564321.00	0.00	0.00	0.00	0.00	0.00	12	10
107	0.00	0.00	551224.00	0.00	0.00	9882244.00	255666.00	0.00	455454.00	44887.00	11701920.00	t	0.00	2025-08-31	2025-09-06 17:58:36.582945	2025-08-31 15:53:37.354242	0.00	Movto fine	0.00	0.00	0.00	0.00	998777.00	25000.00	0.00	0.00	255666.00	0.00	11957586.00	0.00	0.00	0.00	0.00	0.00	1	1
108	0.00	5689488444.00	0.00	0.00	0.00	0.00	564321.00	0.00	0.00	0.00	5231045336.00	t	0.00	2025-09-11	2025-09-11 20:58:44.389475	2025-09-11 20:58:44.389475	0.00	Movto 11-09-2025	0.00	0.00	0.00	0.00	0.00	0.00	0.00	0.00	458443108.00	457878787.00	5689488444.00	0.00	0.00	0.00	0.00	0.00	12	10
109	0.00	0.00	0.00	0.00	0.00	887766.00	0.00	0.00	0.00	0.00	177445240.00	t	0.00	2025-09-10	2025-09-11 21:02:28.961989	2025-09-11 21:00:35.610643	998788787.00		0.00	0.00	0.00	56556565.00	0.00	0.00	0.00	0.00	878787878.00	878787878.00	1056233118.00	0.00	0.00	0.00	0.00	0.00	13	10
110	0.00	0.00	0.00	0.00	0.00	0.00	887766.00	0.00	0.00	0.00	52154892234.00	t	0.00	2025-09-11	2025-09-11 21:03:08.839478	2025-09-11 21:03:08.839478	0.00		0.00	0.00	0.00	0.00	0.00	52155780000.00	0.00	0.00	887766.00	0.00	52155780000.00	0.00	0.00	0.00	0.00	0.00	13	10
111	0.00	0.00	0.00	0.00	0.00	0.00	0.00	0.00	66666222.00	0.00	66666222.00	t	0.00	2025-09-08	2025-09-11 21:10:13.167513	2025-09-11 21:10:13.167513	0.00		0.00	0.00	0.00	0.00	0.00	0.00	0.00	0.00	0.00	0.00	66666222.00	0.00	0.00	0.00	0.00	0.00	13	10
\.


--
-- TOC entry 4932 (class 0 OID 16412)
-- Dependencies: 224
-- Data for Name: tiendas; Type: TABLE DATA; Schema: public; Owner: postgres
--

COPY public.tiendas (id, descripcion, fecha_actualizacion, fecha_creacion, info_addi, info_siste) FROM stdin;
1	Koaj Centro	2025-08-11 19:04:47.813729	\N	tienda866.madrid@permoda.co	koajmadrid1@gmail.com
2	Koaj Sociego	2025-08-11 19:29:56.328012	\N	tienda864.soc@permoda.co	tienda864.soc@permoda.co
3	Elite 2025	2025-08-11 19:11:43.254663	\N	tienda866.madrid@permoda.co	koajmadrid1@gmail.com
9	Lider 2025	2025-08-11 19:13:44.206922	2025-05-13 23:10:46.303125	tienda866.madrid@permoda.co	koajmadrid1@gmail.com
10	Tienda 2025	2025-09-05 09:55:16.41168	2025-05-15 22:49:11.10532	NA	NA
19	Croydon	2025-08-11 19:13:12.393628	2025-08-11 19:12:36.326625	tienda866.madrid@permoda.co	koajmadrid1@gmail.com
20	Classic 2	2025-08-11 19:30:04.329457	2025-08-11 19:28:14.986237	tienda864.soc@permoda.co	tienda864.soc@permoda.co
21	Tienda última	2025-09-11 21:24:19.974573	2025-09-11 21:12:08.08974	NA	NA
\.


--
-- TOC entry 4934 (class 0 OID 16420)
-- Dependencies: 226
-- Data for Name: usuarios; Type: TABLE DATA; Schema: public; Owner: postgres
--

COPY public.usuarios (id, activo, apellido, email, fecha_actualizacion, fecha_creacion, nombre, password, requiere_cambio_password, rol, tienda_id) FROM stdin;
4	t	Apellido 1	usuario1@example.com	2025-05-13 21:34:41.80727	2025-05-02 19:35:47.34662	Nombre 1	$2a$10$3Z7uGODSb4DNA8TRPZe7.uZA2mOYUACQrb/tTRDEVp8gCxCzTGAu6	f	ADMIN	\N
6	f	apellidousuario3	usuario3@example.com	2025-08-31 20:20:36.769362	2025-05-03 14:17:31.380939	nombreusuario3	$2a$10$xwei0GU0WlnhNVy69YbfJOQllUI/GY0tx7QKCeKVg6/KQuROvnuMi	f	USER	3
7	t	apellido44	usuario4@example.com	2025-05-18 12:56:03.850787	2025-05-04 14:58:33.331252	nombre44	$2a$10$wGeJtJ0j2euZyFUCwp2zS.Q8WOu9FYHndvTu7rdRkfVSZbTaWf8he	f	USER	10
8	f	Apellido5	usuario5@example.com	2025-05-16 23:20:43.029426	2025-05-05 13:35:03.325815	Nuevo Nombre 5	$2a$10$FleBbhbZHCIKVXNvarsdyOQ3E1sWSrH.2NW.wknKCJKWA/tP14t.u	t	USER	2
9	\N	Apellido6	usuario6@example.com	2025-05-10 11:06:17.590276	2025-05-10 11:06:17.590276	Nombre6	$2a$10$jevv10d/73fvDdOzRPpcjOGWwVqFKoUMZPhUOulEsxkeOOzzCzWfe	t	\N	\N
11	t	Apellido8	usuario8@example.com	2025-05-10 16:29:45.441324	2025-05-10 11:11:01.419487	Nombre8	$2a$10$vi2kpOAv9R5L.bBIYc6l0OfG2dXg5rFbGLB45pVMMnJum0JOnPALS	f	USER	3
12	f	Apellido99	usuario9@example.com	2025-09-11 20:56:06.605227	2025-05-10 11:17:27.655515	Nombre9	$2a$10$5CM/b0isvb9AgROdHhIY4.pnZp9eAylZyuBkaMGs2mAXt45Qdv6AC	f	USER	1
10	f	Apellido77	usuario7@example.com	2025-09-13 11:16:17.742573	2025-05-10 11:08:48.939231	Nombre77	$2a$10$sR/cxkbW/VYKbG1hcHhTCeUqUNBCh/f00ZBAamHxOr65vk3gHL7FW	t	USER	19
\.


--
-- TOC entry 4940 (class 0 OID 0)
-- Dependencies: 217
-- Name: auditoria_id_seq; Type: SEQUENCE SET; Schema: public; Owner: postgres
--

SELECT pg_catalog.setval('public.auditoria_id_seq', 688, true);


--
-- TOC entry 4941 (class 0 OID 0)
-- Dependencies: 219
-- Name: cajas_id_seq; Type: SEQUENCE SET; Schema: public; Owner: postgres
--

SELECT pg_catalog.setval('public.cajas_id_seq', 13, true);


--
-- TOC entry 4942 (class 0 OID 0)
-- Dependencies: 221
-- Name: movimientos_id_seq; Type: SEQUENCE SET; Schema: public; Owner: postgres
--

SELECT pg_catalog.setval('public.movimientos_id_seq', 111, true);


--
-- TOC entry 4943 (class 0 OID 0)
-- Dependencies: 223
-- Name: tiendas_id_seq; Type: SEQUENCE SET; Schema: public; Owner: postgres
--

SELECT pg_catalog.setval('public.tiendas_id_seq', 21, true);


--
-- TOC entry 4944 (class 0 OID 0)
-- Dependencies: 225
-- Name: usuarios_id_seq; Type: SEQUENCE SET; Schema: public; Owner: postgres
--

SELECT pg_catalog.setval('public.usuarios_id_seq', 1, false);


--
-- TOC entry 4763 (class 2606 OID 16396)
-- Name: auditoria auditoria_pkey; Type: CONSTRAINT; Schema: public; Owner: postgres
--

ALTER TABLE ONLY public.auditoria
    ADD CONSTRAINT auditoria_pkey PRIMARY KEY (id);


--
-- TOC entry 4765 (class 2606 OID 16404)
-- Name: cajas cajas_pkey; Type: CONSTRAINT; Schema: public; Owner: postgres
--

ALTER TABLE ONLY public.cajas
    ADD CONSTRAINT cajas_pkey PRIMARY KEY (id);


--
-- TOC entry 4767 (class 2606 OID 16410)
-- Name: movimientos movimientos_pkey; Type: CONSTRAINT; Schema: public; Owner: postgres
--

ALTER TABLE ONLY public.movimientos
    ADD CONSTRAINT movimientos_pkey PRIMARY KEY (id);


--
-- TOC entry 4771 (class 2606 OID 16418)
-- Name: tiendas tiendas_pkey; Type: CONSTRAINT; Schema: public; Owner: postgres
--

ALTER TABLE ONLY public.tiendas
    ADD CONSTRAINT tiendas_pkey PRIMARY KEY (id);


--
-- TOC entry 4773 (class 2606 OID 16430)
-- Name: usuarios ukkfsp0s1tflm1cwlj8idhqsad0; Type: CONSTRAINT; Schema: public; Owner: postgres
--

ALTER TABLE ONLY public.usuarios
    ADD CONSTRAINT ukkfsp0s1tflm1cwlj8idhqsad0 UNIQUE (email);


--
-- TOC entry 4769 (class 2606 OID 16428)
-- Name: movimientos ukmdic5x6ogdudkshtis7o36gly; Type: CONSTRAINT; Schema: public; Owner: postgres
--

ALTER TABLE ONLY public.movimientos
    ADD CONSTRAINT ukmdic5x6ogdudkshtis7o36gly UNIQUE (fecha, tienda_id, caja_id);


--
-- TOC entry 4775 (class 2606 OID 16426)
-- Name: usuarios usuarios_pkey; Type: CONSTRAINT; Schema: public; Owner: postgres
--

ALTER TABLE ONLY public.usuarios
    ADD CONSTRAINT usuarios_pkey PRIMARY KEY (id);


--
-- TOC entry 4779 (class 2606 OID 16446)
-- Name: usuarios fk4yhxipnwwirh5c2m6xj73j1qy; Type: FK CONSTRAINT; Schema: public; Owner: postgres
--

ALTER TABLE ONLY public.usuarios
    ADD CONSTRAINT fk4yhxipnwwirh5c2m6xj73j1qy FOREIGN KEY (tienda_id) REFERENCES public.tiendas(id);


--
-- TOC entry 4776 (class 2606 OID 16431)
-- Name: cajas fka25a0wah1u2y6fh8s625phhk3; Type: FK CONSTRAINT; Schema: public; Owner: postgres
--

ALTER TABLE ONLY public.cajas
    ADD CONSTRAINT fka25a0wah1u2y6fh8s625phhk3 FOREIGN KEY (tienda_id) REFERENCES public.tiendas(id);


--
-- TOC entry 4777 (class 2606 OID 16436)
-- Name: movimientos fkgfjqskcbnle4s1u3hqwhqq28l; Type: FK CONSTRAINT; Schema: public; Owner: postgres
--

ALTER TABLE ONLY public.movimientos
    ADD CONSTRAINT fkgfjqskcbnle4s1u3hqwhqq28l FOREIGN KEY (caja_id) REFERENCES public.cajas(id);


--
-- TOC entry 4778 (class 2606 OID 16441)
-- Name: movimientos fkjurpwlnfok46qre5hbtkrnptg; Type: FK CONSTRAINT; Schema: public; Owner: postgres
--

ALTER TABLE ONLY public.movimientos
    ADD CONSTRAINT fkjurpwlnfok46qre5hbtkrnptg FOREIGN KEY (tienda_id) REFERENCES public.tiendas(id);


-- Completed on 2025-09-13 14:11:28

--
-- PostgreSQL database dump complete
--

\unrestrict 1i9h4eaQ349ysogQLNGKClPtq06GsvFKPmqVhY93bszqAv7eRc8jul7JD4BJJf1

